year,county,inspector,status,noncompliant
2017,Adams County,Stephanie Rawlings,NONCOMPLIANT,1
2017,Bond County,Dianne Fritscle,NONCOMPLIANT,1
2017,Boone County,Michael Leathers,COMPLIANT,0
2017,Bureau County,Michael Leathers,NONCOMPLIANT,1
2017,Calhoun County,Stephanie Rawlings,NONCOMPLIANT,1
2017,Carroll County,Michael Leathers,COMPLIANT,0
2017,Champaign County,Stephanie Rawlings,NONCOMPLIANT,1
2017,Christian County,Stephanie Rawlings,NONCOMPLIANT,1
2017,Clark County,Dianne Fritscle,NONCOMPLIANT,1
2017,Clay County,Dianne Fritscle,NONCOMPLIANT,1
2017,Clinton County,Dianne Fritscle,NONCOMPLIANT,1
2017,Coles County,Stephanie Rawlings,NONCOMPLIANT,1
2017,Cook County,NOT FOUND,ERR,0
2017,Crawford County,Dianne Fritscle,NONCOMPLIANT,1
2017,Cumberland County,Dianne Fritscle,NONCOMPLIANT,1
2017,Dekalb County,Michael Leathers,COMPLIANT,0
2017,Dewitt County,Stephanie Rawlings,NONCOMPLIANT,1
2017,Douglas County,Stephanie Rawlings,NONCOMPLIANT,1
2017,Dupage County,Errica Weatherspoon,COMPLIANT,0
2017,Edgar County,Stephanie Rawlings,NONCOMPLIANT,1
2017,Effingham County,Dianne Fritscle,COMPLIANT,0
2017,Fayette County,Dianne Fritscle,COMPLIANT,0
2017,Ford County,Stephanie Rawlings,NONCOMPLIANT,1
2017,Franklin County,Dianne Fritscle,NONCOMPLIANT,1
2017,Fulton County,Stephanie Rawlings,NONCOMPLIANT,1
2017,Greene County,Stephanie Rawlings,NONCOMPLIANT,1
2017,Grundy County,Michael Leathers,COMPLIANT,0
2017,Hancock County,Stephanie Rawlings,NONCOMPLIANT,1
2017,Hardin County,Dianne Fritscle,NONCOMPLIANT,1
2017,Henderson County,Michael Leathers,NONCOMPLIANT,1
2017,Henry County,Michael Leathers,COMPLIANT,0
2017,Iroquois County,Stephanie Rawlings,NONCOMPLIANT,1
2017,Jackson County,Dianne Fritscle,COMPLIANT,0
2017,Jasper County,Dianne Fritscle,NONCOMPLIANT,1
2017,Jefferson County,Dianne Fritscle,COMPLIANT,0
2017,Jerome Combs And Kankakee County,Errica Weatherspoon,COMPLIANT,0
2017,Jersey County,Stephanie Rawlings,NONCOMPLIANT,1
2017,Jo Daviess County,Michael Leathers,NONCOMPLIANT,1
2017,Kane County,Michael Leathers,NONCOMPLIANT,1
2017,Kendall County,Michael Leathers,COMPLIANT,0
2017,Knox County,Michael Leathers,COMPLIANT,0
2017,Lake County,Errica Weatherspoon,NONCOMPLIANT,1
2017,Lasalle County,Michael Leathers,COMPLIANT,0
2017,Lawrence County,Dianne Fritscle,NONCOMPLIANT,1
2017,Lee County,Michael Leathers,NONCOMPLIANT,1
2017,Livingston County,Stephanie Rawlings,NONCOMPLIANT,1
2017,Logan County,Stephanie Rawlings,NONCOMPLIANT,1
2017,Macon County,Stephanie Rawlings,COMPLIANT,0
2017,Macoupin County,Stephanie Rawlings,NONCOMPLIANT,1
2017,Madison County,Dianne Fritscle,COMPLIANT,0
2017,Marion County,Dianne Fritscle,COMPLIANT,0
2017,Marshall County,Michael Leathers,COMPLIANT,0
2017,Mason County,Stephanie Rawlings,NONCOMPLIANT,1
2017,Massac County,Dianne Fritscle,NONCOMPLIANT,1
2017,Mcdonough County,Stephanie Rawlings,NONCOMPLIANT,1
2017,Mchenry County,Michael Leathers,COMPLIANT,0
2017,Mclean County,Stephanie Rawlings,NONCOMPLIANT,1
2017,Menard County,Stephanie Rawlings,NONCOMPLIANT,1
2017,Mercer County,Michael Leathers,COMPLIANT,0
2017,Monroe County,Dianne Fritscle,COMPLIANT,0
2017,Montgomery County,Stephanie Rawlings,NONCOMPLIANT,1
2017,Morgan County,Stephanie Rawlings,NONCOMPLIANT,1
2017,Moultrie County,Stephanie Rawlings,NONCOMPLIANT,1
2017,Ogle County,Michael Leathers,NONCOMPLIANT,1
2017,Peoria County,Stephanie Rawlings,COMPLIANT,0
2017,Perry County,Dianne Fritscle,NONCOMPLIANT,1
2017,Piatt County,Stephanie Rawlings,NONCOMPLIANT,1
2017,Pike County,Stephanie Rawlings,NONCOMPLIANT,1
2017,Pulaski County,Dianne Fritscle,COMPLIANT,0
2017,Putnam County,Michael Leathers,NONCOMPLIANT,1
2017,Randolph County,Dianne Fritscle,NONCOMPLIANT,1
2017,Richland County,Dianne Fritscle,COMPLIANT,0
2017,Rock Island County,Michael Leathers,COMPLIANT,0
2017,Saline County,Dianne Fritscle,NONCOMPLIANT,1
2017,Sangamon County,Stephanie Rawlings,NONCOMPLIANT,1
2017,Schuyler County,Stephanie Rawlings,COMPLIANT,0
2017,Shelby County,Stephanie Rawlings,COMPLIANT,0
2017,St Clair County,Dianne Fritscle,COMPLIANT,0
2017,Stark County,Michael Leathers,NONCOMPLIANT,1
2017,Stephenson County,Michael Leathers,NONCOMPLIANT,1
2017,Tazewell County,Stephanie Rawlings,NONCOMPLIANT,1
2017,Vermilion County,Stephanie Rawlings,NONCOMPLIANT,1
2017,Wabash County,Dianne Fritscle,NONCOMPLIANT,1
2017,Warren County,Michael Leathers,COMPLIANT,0
2017,Washington County,Dianne Fritscle,COMPLIANT,0
2017,Wayne County,Dianne Fritscle,COMPLIANT,0
2017,White County,Dianne Fritscle,NONCOMPLIANT,1
2017,Whiteside County,Michael Leathers,COMPLIANT,0
2017,Will County,Errica Weatherspoon,COMPLIANT,0
2017,Williamson County,Dianne Fritscle,COMPLIANT,0
2017,Winnebago County,Michael Leathers,NONCOMPLIANT,1
2017,Woodford County,Stephanie Rawlings,COMPLIANT,0
2018,Adams County,Melissa Pelker,NONCOMPLIANT,1
2018,Bond County,Dianne Fritscle,NONCOMPLIANT,1
2018,Boone County,Michael Leathers,COMPLIANT,0
2018,Bureau County,Michael Leathers,NONCOMPLIANT,1
2018,Calhoun County,Melissa Pelker,NONCOMPLIANT,1
2018,Carroll County,Michael Leathers,COMPLIANT,0
2018,Champaign County,Melissa Pelker,COMPLIANT,0
2018,Christian County,Melissa Pelker,COMPLIANT,0
2018,Clark County,Dianne Fritscle,NONCOMPLIANT,1
2018,Clay County,Dianne Fritscle,NONCOMPLIANT,1
2018,Clinton County,Dianne Fritscle,NONCOMPLIANT,1
2018,Coles County,Stephanie Rawlings,COMPLIANT,0
2018,Cook County,NOT FOUND,COMPLIANT,0
2018,Crawford County,Dianne Fritscle,NONCOMPLIANT,1
2018,Cumberland County,Dianne Fritscle,NONCOMPLIANT,1
2018,Dekalb County,Michael Leathers,COMPLIANT,0
2018,Dewitt County,Stephanie Rawlings,NONCOMPLIANT,1
2018,Douglas County,Stephanie Rawlings,NONCOMPLIANT,1
2018,Dupage County,Errica Weatherspoon,COMPLIANT,0
2018,Edgar County,Melissa Pelker,NONCOMPLIANT,1
2018,Effingham County,Dianne Fritscle,COMPLIANT,0
2018,Fayette County,Dianne Fritscle,COMPLIANT,0
2018,Ford County,Melissa Pelker,NONCOMPLIANT,1
2018,Franklin County,Dianne Fritscle,NONCOMPLIANT,1
2018,Fulton County,Melissa Pelker,NONCOMPLIANT,1
2018,Greene County,Melissa Pelker,NONCOMPLIANT,1
2018,Grundy County,Michael Leathers,COMPLIANT,0
2018,Hancock County,Melissa Pelker,NONCOMPLIANT,1
2018,Hardin County,Dianne Fritscle,NONCOMPLIANT,1
2018,Henderson County,Michael Leathers,NONCOMPLIANT,1
2018,Henry County,Michael Leathers,NONCOMPLIANT,1
2018,Iroquois County,Melissa Pelker,NONCOMPLIANT,1
2018,Jackson County,Dianne Fritscle,COMPLIANT,0
2018,Jasper County,Dianne Fritscle,NONCOMPLIANT,1
2018,Jefferson County,Dianne Fritscle,NONCOMPLIANT,1
2018,Jerome Combs And Kankakee County,Errica Weatherspoon,COMPLIANT,0
2018,Jersey County,Melissa Pelker,NONCOMPLIANT,1
2018,Jo Daviess County,Michael Leathers,NONCOMPLIANT,1
2018,Kane County,Michael Leathers,COMPLIANT,0
2018,Kendall County,Michael Leathers,COMPLIANT,0
2018,Knox County,Michael Leathers,COMPLIANT,0
2018,Lake County,Errica Weatherspoon,COMPLIANT,0
2018,Lasalle County,Michael Leathers,COMPLIANT,0
2018,Lawrence County,Dianne Fritscle,NONCOMPLIANT,1
2018,Lee County,Michael Leathers,NONCOMPLIANT,1
2018,Livingston County,Melissa Pelker,COMPLIANT,0
2018,Logan County,Melissa Pelker,COMPLIANT,0
2018,Macon County,Stephanie Rawlings,COMPLIANT,0
2018,Macoupin County,Melissa Pelker,COMPLIANT,0
2018,Madison County,Dianne Fritscle,NONCOMPLIANT,1
2018,Marion County,Dianne Fritscle,COMPLIANT,0
2018,Marshall County,Michael Leathers,COMPLIANT,0
2018,Mason County,Melissa Pelker,NONCOMPLIANT,1
2018,Massac County,Dianne Fritscle,NONCOMPLIANT,1
2018,Mcdonough County,Melissa Pelker,COMPLIANT,0
2018,Mchenry County,Michael Leathers,NONCOMPLIANT,1
2018,Mclean County,Melissa Pelker,COMPLIANT,0
2018,Menard County,Melissa Pelker,NONCOMPLIANT,1
2018,Mercer County,Michael Leathers,COMPLIANT,0
2018,Monroe County,Dianne Fritscle,NONCOMPLIANT,1
2018,Montgomery County,Melissa Pelker,NONCOMPLIANT,1
2018,Morgan County,Stephanie Rawlings,NONCOMPLIANT,1
2018,Moultrie County,Stephanie Rawlings,NONCOMPLIANT,1
2018,Ogle County,Michael Leathers,NONCOMPLIANT,1
2018,Peoria County,Melissa Pelker,COMPLIANT,0
2018,Perry County,Dianne Fritscle,NONCOMPLIANT,1
2018,Piatt County,Stephanie Rawlings,NONCOMPLIANT,1
2018,Pike County,Melissa Pelker,COMPLIANT,0
2018,Pulaski County,Dianne Fritscle,COMPLIANT,0
2018,Putnam County,Michael Leathers,COMPLIANT,0
2018,Randolph County,Dianne Fritscle,NONCOMPLIANT,1
2018,Richland County,Dianne Fritscle,NONCOMPLIANT,1
2018,Rock Island County,Michael Leathers,COMPLIANT,0
2018,Saline County,Dianne Fritscle,NONCOMPLIANT,1
2018,Sangamon County,Melissa Pelker,NONCOMPLIANT,1
2018,Schuyler County,Melissa Pelker,COMPLIANT,0
2018,Shelby County,Melissa Pelker,NONCOMPLIANT,1
2018,St Clair County,Dianne Fritscle,COMPLIANT,0
2018,Stark County,Michael Leathers,NONCOMPLIANT,1
2018,Stephenson County,Michael Leathers,COMPLIANT,0
2018,Tazewell County,Melissa Pelker,COMPLIANT,0
2018,Vermilion County,Melissa Pelker,COMPLIANT,0
2018,Wabash County,Dianne Fritscle,NONCOMPLIANT,1
2018,Warren County,Michael Leathers,NONCOMPLIANT,1
2018,Washington County,Dianne Fritscle,COMPLIANT,0
2018,Wayne County,Dianne Fritscle,COMPLIANT,0
2018,White County,Dianne Fritscle,COMPLIANT,0
2018,Whiteside County,Michael Leathers,COMPLIANT,0
2018,Will County,Errica Weatherspoon,COMPLIANT,0
2018,Williamson County,Dianne Fritscle,COMPLIANT,0
2018,Winnebago County,Michael Leathers,NONCOMPLIANT,1
2018,Woodford County,Melissa Pelker,COMPLIANT,0
2019,Adams County,Melissa Pelker,NONCOMPLIANT,1
2019,Bond County,Dianne Fritscle,NONCOMPLIANT,1
2019,Boone County,Michael Leathers,COMPLIANT,0
2019,Bureau County,Michael Leathers,COMPLIANT,0
2019,Calhoun County,Melissa Pelker,NONCOMPLIANT,1
2019,Carroll County,Michael Leathers,COMPLIANT,0
2019,Champaign County,Melissa Pelker,COMPLIANT,0
2019,Christian County,Melissa Pelker,COMPLIANT,0
2019,Clark County,Dianne Fritscle,NONCOMPLIANT,1
2019,Clay County,Dianne Fritscle,NONCOMPLIANT,1
2019,Clinton County,Dianne Fritscle,NONCOMPLIANT,1
2019,Coles County,Melissa Pelker,COMPLIANT,0
2019,Cook County,Errica Weatherspoon,NONCOMPLIANT,1
2019,Crawford County,Dianne Fritscle,NONCOMPLIANT,1
2019,Cumberland County,Dianne Fritscle,NONCOMPLIANT,1
2019,Dekalb County,Michael Leathers,COMPLIANT,0
2019,Dewitt County,Melissa Pelker,COMPLIANT,0
2019,Douglas County,Melissa Pelker,NONCOMPLIANT,1
2019,Dupage County,Errica Weatherspoon,COMPLIANT,0
2019,Edgar County,Melissa Pelker,NONCOMPLIANT,1
2019,Effingham County,Dianne Fritscle,COMPLIANT,0
2019,Fayette County,Dianne Fritscle,COMPLIANT,0
2019,Ford County,Melissa Pelker,COMPLIANT,0
2019,Franklin County,Dianne Fritscle,COMPLIANT,0
2019,Fulton County,Melissa Pelker,COMPLIANT,0
2019,Greene County,Melissa Pelker,NONCOMPLIANT,1
2019,Grundy County,Michael Leathers,COMPLIANT,0
2019,Hancock County,Melissa Pelker,NONCOMPLIANT,1
2019,Hardin County,Dianne Fritscle,COMPLIANT,0
2019,Henderson County,Michael Leathers,NONCOMPLIANT,1
2019,Henry County,Michael Leathers,COMPLIANT,0
2019,Iroquois County,Melissa Pelker,NONCOMPLIANT,1
2019,Jackson County,Dianne Fritscle,COMPLIANT,0
2019,Jasper County,Dianne Fritscle,NONCOMPLIANT,1
2019,Jefferson County,Dianne Fritscle,COMPLIANT,0
2019,Jersey County,Melissa Pelker,COMPLIANT,0
2019,Jodaviess County,Michael Leathers,NONCOMPLIANT,1
2019,Kane County,Michael Leathers,COMPLIANT,0
2019,Kankakee County,Errica Weatherspoon,COMPLIANT,0
2019,Kendall County,Michael Leathers,COMPLIANT,0
2019,Knox County,Michael Leathers,NONCOMPLIANT,1
2019,Lake County,Errica Weatherspoon,COMPLIANT,0
2019,Lasalle County,Michael Leathers,COMPLIANT,0
2019,Lawrence County,Dianne Fritscle,NONCOMPLIANT,1
2019,Lee County,Michael Leathers,NONCOMPLIANT,1
2019,Livingston County,Melissa Pelker,COMPLIANT,0
2019,Logan County,Melissa Pelker,COMPLIANT,0
2019,Macon County,Melissa Pelker,COMPLIANT,0
2019,Macoupin County,Melissa Pelker,COMPLIANT,0
2019,Madison County,Dianne Fritscle,COMPLIANT,0
2019,Marion County,Dianne Fritscle,COMPLIANT,0
2019,Marshall County,Michael Leathers,COMPLIANT,0
2019,Mason County,Melissa Pelker,NONCOMPLIANT,1
2019,Massac County,Dianne Fritscle,NONCOMPLIANT,1
2019,Mcdonough County,Melissa Pelker,COMPLIANT,0
2019,Mchenry County,Michael Leathers,COMPLIANT,0
2019,Mclean County,Melissa Pelker,COMPLIANT,0
2019,Menard County,Melissa Pelker,NONCOMPLIANT,1
2019,Mercer County,Michael Leathers,NONCOMPLIANT,1
2019,Monroe County,Dianne Fritscle,COMPLIANT,0
2019,Montgomery County,Melissa Pelker,NONCOMPLIANT,1
2019,Morgan County,Melissa Pelker,NONCOMPLIANT,1
2019,Moultrie County,Melissa Pelker,COMPLIANT,0
2019,Ogle County,Michael Leathers,NONCOMPLIANT,1
2019,Peoria County,Melissa Pelker,COMPLIANT,0
2019,Perry County,Dianne Fritscle,NONCOMPLIANT,1
2019,Piatt County,Melissa Pelker,NONCOMPLIANT,1
2019,Pike County,Melissa Pelker,COMPLIANT,0
2019,Pulaski County,Dianne Fritscle,COMPLIANT,0
2019,Putnam County,Michael Leathers,COMPLIANT,0
2019,Randolph County,Dianne Fritscle,NONCOMPLIANT,1
2019,Richland County,Dianne Fritscle,NONCOMPLIANT,1
2019,Rock Island County,Michael Leathers,COMPLIANT,0
2019,Saline County,Dianne Fritscle,NONCOMPLIANT,1
2019,Sangamon County,Melissa Pelker,NONCOMPLIANT,1
2019,Schuyler County,Melissa Pelker,COMPLIANT,0
2019,Shelby County,Melissa Pelker,COMPLIANT,0
2019,St Clair County,Dianne Fritscle,COMPLIANT,0
2019,Stark County,Michael Leathers,NONCOMPLIANT,1
2019,Stephenson County,Michael Leathers,NONCOMPLIANT,1
2019,Tazewell County,Melissa Pelker,COMPLIANT,0
2019,Vermilion County,Melissa Pelker,COMPLIANT,0
2019,Wabash County,Dianne Fritscle,NONCOMPLIANT,1
2019,Warren County,Michael Leathers,NONCOMPLIANT,1
2019,Washington County,Dianne Fritscle,COMPLIANT,0
2019,Wayne County,Dianne Fritscle,COMPLIANT,0
2019,White County,Dianne Fritscle,COMPLIANT,0
2019,Whiteside County,Michael Leathers,COMPLIANT,0
2019,Will County,Errica Weatherspoon,COMPLIANT,0
2019,Williamson County,Dianne Fritscle,COMPLIANT,0
2019,Winnebago County,Michael Leathers,COMPLIANT,0
2019,Woodford County,Melissa Pelker,COMPLIANT,0
2020,Adams County,Michael Leathers,NONCOMPLIANT,1
2020,Bond County,Kathy Melvin,NONCOMPLIANT,1
2020,Boone County,Michael Leathers,NONCOMPLIANT,1
2020,Bureau County,Michael Leathers,NONCOMPLIANT,1
2020,Carroll County,Michael Leathers,NONCOMPLIANT,1
2020,Champaign County,Errica Weatherspoon,COMPLIANT,0
2020,Christian County,Bob Bowen,NONCOMPLIANT,1
2020,Clark County,Kathy Melvin,NONCOMPLIANT,1
2020,Clay County,Kathy Melvin,NONCOMPLIANT,1
2020,Clinton County,Dianne Fritscle,NONCOMPLIANT,1
2020,Coles County,Stephanie Rawlings,NONCOMPLIANT,1
2020,Cook County,Errica Weatherspoon,NONCOMPLIANT,1
2020,Crawford County,Dianne Fritscle,COMPLIANT,0
2020,Cumberland County,Kathy Melvin,NONCOMPLIANT,1
2020,Dekalb County,Michael Leathers,COMPLIANT,0
2020,Dewitt County,Stephanie Rawlings,NONCOMPLIANT,1
2020,Douglas County,Melissa Pelker,NONCOMPLIANT,1
2020,Dupage County,Errica Weatherspoon,COMPLIANT,0
2020,Edgar County,Bob Bowen,NONCOMPLIANT,1
2020,Effingham County,Kathy Melvin,COMPLIANT,0
2020,Fayette County,Dianne Fritscle,COMPLIANT,0
2020,Ford County,Errica Weatherspoon,COMPLIANT,0
2020,Franklin County,Kathy Melvin,COMPLIANT,0
2020,Fulton County,Michael Leathers,NONCOMPLIANT,1
2020,Greene County,Bob Bowen,NONCOMPLIANT,1
2020,Grundy County,Michael Leathers,COMPLIANT,0
2020,Hancock County,Michael Leathers,NONCOMPLIANT,1
2020,Hardin County,Kathy Melvin,COMPLIANT,0
2020,Henderson County,Michael Leathers,NONCOMPLIANT,1
2020,Henry County,Michael Leathers,COMPLIANT,0
2020,Iroquois County,Errica Weatherspoon,NONCOMPLIANT,1
2020,Jackson County,Kathy Melvin,COMPLIANT,0
2020,Jasper County,Dianne Fritscle,NONCOMPLIANT,1
2020,Jefferson County,Kathy Melvin,COMPLIANT,0
2020,Jersey County,Bob Bowen,NONCOMPLIANT,1
2020,Jodaviess County,Michael Leathers,NONCOMPLIANT,1
2020,Kane County,Michael Leathers,COMPLIANT,0
2020,Kankakee County,Errica Weatherspoon,COMPLIANT,0
2020,Kendall County,Michael Leathers,COMPLIANT,0
2020,Knox County,Michael Leathers,NONCOMPLIANT,1
2020,Lake County,Errica Weatherspoon,COMPLIANT,0
2020,Lasalle County,Michael Leathers,NONCOMPLIANT,1
2020,Lawrence County,Kathy Melvin,NONCOMPLIANT,1
2020,Lee County,Michael Leathers,NONCOMPLIANT,1
2020,Livingston County,Errica Weatherspoon,COMPLIANT,0
2020,Logan County,Bob Bowen,NONCOMPLIANT,1
2020,Macon County,Melissa Pelker,COMPLIANT,0
2020,Macoupin County,Bob Bowen,COMPLIANT,0
2020,Madison County,Kathy Melvin,COMPLIANT,0
2020,Marion County,Kathy Melvin,COMPLIANT,0
2020,Marshall County,Michael Leathers,COMPLIANT,0
2020,Mason County,Bob Bowen,NONCOMPLIANT,1
2020,Massac County,Kathy Melvin,NONCOMPLIANT,1
2020,Mcdonough County,Michael Leathers,NONCOMPLIANT,1
2020,Mchenry County,Michael Leathers,COMPLIANT,0
2020,Mclean County,Errica Weatherspoon,COMPLIANT,0
2020,Menard County,Bob Bowen,NONCOMPLIANT,1
2020,Mercer County,Michael Leathers,NONCOMPLIANT,1
2020,Monroe County,Kathy Melvin,COMPLIANT,0
2020,Montgomery County,Bob Bowen,NONCOMPLIANT,1
2020,Morgan County,Bob Bowen,NONCOMPLIANT,1
2020,Moultrie County,Melissa Pelker,COMPLIANT,0
2020,Ogle County,Michael Leathers,NONCOMPLIANT,1
2020,Peoria County,Michael Leathers,COMPLIANT,0
2020,Perry County,Kathy Melvin,NONCOMPLIANT,1
2020,Piatt County,Melissa Pelker,COMPLIANT,0
2020,Pike County,Michael Leathers,NONCOMPLIANT,1
2020,Pulaski County,Kathy Melvin,COMPLIANT,0
2020,Putnam County,Michael Leathers,COMPLIANT,0
2020,Randolph County,Bob Bowen,NONCOMPLIANT,1
2020,Richland County,Kathy Melvin,COMPLIANT,0
2020,Rock Island County,Michael Leathers,NONCOMPLIANT,1
2020,Saline County,Kathy Melvin,COMPLIANT,0
2020,Sangamon County,Bob Bowen,NONCOMPLIANT,1
2020,Schuyler County,Michael Leathers,NONCOMPLIANT,1
2020,Shelby County,Bob Bowen,NONCOMPLIANT,1
2020,St Clair County,Kathy Melvin,COMPLIANT,0
2020,Stark County,Michael Leathers,NONCOMPLIANT,1
2020,Stephenson County,Michael Leathers,COMPLIANT,0
2020,Tazewell County,Errica Weatherspoon,COMPLIANT,0
2020,Vermilion County,Errica Weatherspoon,COMPLIANT,0
2020,Wabash County,Kathy Melvin,NONCOMPLIANT,1
2020,Warren County,Michael Leathers,NONCOMPLIANT,1
2020,Washington County,Dianne Fritscle,COMPLIANT,0
2020,Wayne County,Kathy Melvin,COMPLIANT,0
2020,White County,Kathy Melvin,COMPLIANT,0
2020,Whiteside County,Michael Leathers,COMPLIANT,0
2020,Will County,Errica Weatherspoon,COMPLIANT,0
2020,Williamson County,Kathy Melvin,COMPLIANT,0
2020,Winnebago County,Michael Leathers,COMPLIANT,0
2020,Woodford County,Errica Weatherspoon,COMPLIANT,0
2021,Adams County,Jennifer Delaney,NONCOMPLIANT,1
2021,Bond County,Kathy Melvin,NONCOMPLIANT,1
2021,Boone County,Michael Leathers,COMPLIANT,0
2021,Bureau County,Michael Leathers,NONCOMPLIANT,1
2021,Carroll County,Michael Leathers,NONCOMPLIANT,1
2021,Champaign County,Jennifer Delaney,NONCOMPLIANT,1
2021,Christian County,Jennifer Delaney,NONCOMPLIANT,1
2021,Clark County,Kathy Melvin,NONCOMPLIANT,1
2021,Clay County,Kathy Melvin,NONCOMPLIANT,1
2021,Clinton County,Kathy Melvin,NONCOMPLIANT,1
2021,Coles County,Jennifer Delaney,NONCOMPLIANT,1
2021,Cook County,Bob Bowen,COMPLIANT,0
2021,Crawford County,Kathy Melvin,COMPLIANT,0
2021,Cumberland County,Kathy Melvin,NONCOMPLIANT,1
2021,Dekalb County,Michael Leathers,COMPLIANT,0
2021,Dewitt County,Jennifer Delaney,NONCOMPLIANT,1
2021,Douglas County,Bob Bowen,NONCOMPLIANT,1
2021,Dupage County,Errica Weatherspoon,NONCOMPLIANT,1
2021,Edgar County,Jennifer Delaney,COMPLIANT,0
2021,Effingham County,Kathy Melvin,NONCOMPLIANT,1
2021,Fayette County,Kathy Melvin,NONCOMPLIANT,1
2021,Ford County,Jennifer Delaney,COMPLIANT,0
2021,Franklin County,Kathy Melvin,NONCOMPLIANT,1
2021,Fulton County,Jennifer Delaney,COMPLIANT,0
2021,Greene County,Michael Leathers,NONCOMPLIANT,1
2021,Grundy County,Michael Leathers,NONCOMPLIANT,1
2021,Hancock County,Jennifer Delaney,NONCOMPLIANT,1
2021,Hardin County,Kathy Melvin,NONCOMPLIANT,1
2021,Henderson County,Michael Leathers,NONCOMPLIANT,1
2021,Henry County,Michael Leathers,COMPLIANT,0
2021,Iroquois County,Jennifer Delaney,COMPLIANT,0
2021,Jackson County,Kathy Melvin,NONCOMPLIANT,1
2021,Jasper County,Kathy Melvin,NONCOMPLIANT,1
2021,Jefferson County,Kathy Melvin,NONCOMPLIANT,1
2021,Jerome Combs,Errica Weatherspoon,COMPLIANT,0
2021,Jersey County,Jennifer Delaney,COMPLIANT,0
2021,Jo Daviess County,Michael Leathers,NONCOMPLIANT,1
2021,Kane County,Michael Leathers,COMPLIANT,0
2021,Kankakee County,Errica Weatherspoon,COMPLIANT,0
2021,Kendall County,Michael Leathers,COMPLIANT,0
2021,Knox County,Michael Leathers,NONCOMPLIANT,1
2021,Lake County,Errica Weatherspoon,COMPLIANT,0
2021,Lasalle County,Michael Leathers,COMPLIANT,0
2021,Lawrence County,Kathy Melvin,NONCOMPLIANT,1
2021,Lee County,Michael Leathers,NONCOMPLIANT,1
2021,Livingston County,Jennifer Delaney,COMPLIANT,0
2021,Logan County,Jennifer Delaney,NONCOMPLIANT,1
2021,Macon County,Bob Bowen,COMPLIANT,0
2021,Macoupin County,Jennifer Delaney,COMPLIANT,0
2021,Madison County,Kathy Melvin,COMPLIANT,0
2021,Marion County,Kathy Melvin,NONCOMPLIANT,1
2021,Marshall County,Michael Leathers,COMPLIANT,0
2021,Mason County,Jennifer Delaney,NONCOMPLIANT,1
2021,Massac County,Kathy Melvin,NONCOMPLIANT,1
2021,Mcdonough County,Jennifer Delaney,NONCOMPLIANT,1
2021,Mchenry County,Michael Leathers,COMPLIANT,0
2021,Mclean County,Jennifer Delaney,COMPLIANT,0
2021,Menard County,Jennifer Delaney,COMPLIANT,0
2021,Mercer County,Michael Leathers,COMPLIANT,0
2021,Monroe County,Kathy Melvin,NONCOMPLIANT,1
2021,Montgomery County,Jennifer Delaney,NONCOMPLIANT,1
2021,Morgan County,Jennifer Delaney,NONCOMPLIANT,1
2021,Moultrie County,Bob Bowen,NONCOMPLIANT,1
2021,Ogle County,Michael Leathers,NONCOMPLIANT,1
2021,Peoria County,Jennifer Delaney,COMPLIANT,0
2021,Perry County,Kathy Melvin,NONCOMPLIANT,1
2021,Piatt County,Bob Bowen,NONCOMPLIANT,1
2021,Pike County,Jennifer Delaney,NONCOMPLIANT,1
2021,Pulaski County,Kathy Melvin,NONCOMPLIANT,1
2021,Putnam County,Michael Leathers,COMPLIANT,0
2021,Randolph County,Kathy Melvin,NONCOMPLIANT,1
2021,Richland County,Kathy Melvin,NONCOMPLIANT,1
2021,Rock Island County,Michael Leathers,COMPLIANT,0
2021,Saline County,Kathy Melvin,NONCOMPLIANT,1
2021,Sangamon County,Jennifer Delaney,NONCOMPLIANT,1
2021,Schuyler County,Jennifer Delaney,NONCOMPLIANT,1
2021,Shelby County,Jennifer Delaney,NONCOMPLIANT,1
2021,St Clair County,Kathy Melvin,NONCOMPLIANT,1
2021,Stark County,Michael Leathers,NONCOMPLIANT,1
2021,Stephenson County,Michael Leathers,COMPLIANT,0
2021,Tazewell County,Jennifer Delaney,COMPLIANT,0
2021,Vermilion County,Jennifer Delaney,NONCOMPLIANT,1
2021,Wabash County,Kathy Melvin,NONCOMPLIANT,1
2021,Warren County,Michael Leathers,COMPLIANT,0
2021,Washington County,Kathy Melvin,NONCOMPLIANT,1
2021,Wayne County,Kathy Melvin,NONCOMPLIANT,1
2021,White County,Kathy Melvin,NONCOMPLIANT,1
2021,Whiteside County,Michael Leathers,COMPLIANT,0
2021,Will County,Errica Weatherspoon,COMPLIANT,0
2021,Williamson County,Kathy Melvin,NONCOMPLIANT,1
2021,Winnebago County,Michael Leathers,COMPLIANT,0
2021,Woodford County,Jennifer Delaney,COMPLIANT,0
2022,Adams County,Doug Brubaker,NONCOMPLIANT,1
2022,Bond County,Kathy Melvin,NONCOMPLIANT,1
2022,Boone County,Sara Johnson,NONCOMPLIANT,1
2022,Bureau County,Jennifer Delaney,COMPLIANT,0
2022,Carroll County,Jennifer Delaney,NONCOMPLIANT,1
2022,Champaign County,Doug Brubaker,NONCOMPLIANT,1
2022,Christian County,Doug Brubaker,COMPLIANT,0
2022,Clark County,Kathy Melvin,NONCOMPLIANT,1
2022,Clay County,Kathy Melvin,NONCOMPLIANT,1
2022,Clinton County,Kathy Melvin,NONCOMPLIANT,1
2022,Coles County,Doug Brubaker,NONCOMPLIANT,1
2022,Cook County,Bob Bowen,NONCOMPLIANT,1
2022,Crawford County,Kathy Melvin,NONCOMPLIANT,1
2022,Cumberland County,Kathy Melvin,NONCOMPLIANT,1
2022,Dekalb County,Sara Johnson,NONCOMPLIANT,1
2022,Dewitt County,Doug Brubaker,COMPLIANT,0
2022,Douglas County,Doug Brubaker,NONCOMPLIANT,1
2022,Dupage County,Bob Bowen,COMPLIANT,0
2022,Edgar County,Doug Brubaker,COMPLIANT,0
2022,Effingham County,Kathy Melvin,COMPLIANT,0
2022,Fayette County,Kathy Melvin,NONCOMPLIANT,1
2022,Ford County,Doug Brubaker,COMPLIANT,0
2022,Franklin County,Kathy Melvin,NONCOMPLIANT,1
2022,Fulton County,Doug Brubaker,COMPLIANT,0
2022,Greene County,Doug Brubaker,NONCOMPLIANT,1
2022,Grundy County,Jennifer Delaney,COMPLIANT,0
2022,Hancock County,Doug Brubaker,NONCOMPLIANT,1
2022,Hardin County,Kathy Melvin,NONCOMPLIANT,1
2022,Henderson County,Sara Johnson,NONCOMPLIANT,1
2022,Henry County,Jennifer Delaney,NONCOMPLIANT,1
2022,Iroquois County,Doug Brubaker,COMPLIANT,0
2022,Jackson County,Kathy Melvin,COMPLIANT,0
2022,Jefferson County,Kathy Melvin,COMPLIANT,0
2022,Jersey County,Doug Brubaker,COMPLIANT,0
2022,Jo Daviess County,Jennifer Delaney,NONCOMPLIANT,1
2022,Kane County,Jennifer Delaney,COMPLIANT,0
2022,Kankakee County,Errica Weatherspoon,NONCOMPLIANT,1
2022,Kendall County,Jennifer Delaney,COMPLIANT,0
2022,Knox County,Jennifer Delaney,NONCOMPLIANT,1
2022,Lake County,Bob Bowen,NONCOMPLIANT,1
2022,Lasalle County,Jennifer Delaney,COMPLIANT,0
2022,Lawrence County,Kathy Melvin,NONCOMPLIANT,1
2022,Lee County,Jennifer Delaney,NONCOMPLIANT,1
2022,Livingston County,Doug Brubaker,COMPLIANT,0
2022,Logan County,Doug Brubaker,NONCOMPLIANT,1
2022,Macon County,Doug Brubaker,COMPLIANT,0
2022,Macoupin County,Doug Brubaker,COMPLIANT,0
2022,Madison County,Kathy Melvin,COMPLIANT,0
2022,Marion County,Kathy Melvin,NONCOMPLIANT,1
2022,Marshall County,Jennifer Delaney,NONCOMPLIANT,1
2022,Mason County,Doug Brubaker,NONCOMPLIANT,1
2022,Massac County,Kathy Melvin,NONCOMPLIANT,1
2022,Mcdonough County,Doug Brubaker,NONCOMPLIANT,1
2022,Mchenry County,Jennifer Delaney,COMPLIANT,0
2022,Mclean County,Doug Brubaker,COMPLIANT,0
2022,Menard County,Doug Brubaker,COMPLIANT,0
2022,Mercer County,Jennifer Delaney,COMPLIANT,0
2022,Monroe County,Kathy Melvin,NONCOMPLIANT,1
2022,Montgomery County,Doug Brubaker,NONCOMPLIANT,1
2022,Morgan County,Doug Brubaker,COMPLIANT,0
2022,Moultrie County,Doug Brubaker,NONCOMPLIANT,1
2022,Ogle County,Jennifer Delaney,NONCOMPLIANT,1
2022,Peoria County,Doug Brubaker,COMPLIANT,0
2022,Perry County,Kathy Melvin,NONCOMPLIANT,1
2022,Piatt County,Doug Brubaker,NONCOMPLIANT,1
2022,Pike County,Doug Brubaker,NONCOMPLIANT,1
2022,Pulaski County,Kathy Melvin,NONCOMPLIANT,1
2022,Putnam County,Jennifer Delaney,COMPLIANT,0
2022,Randolph County,Kathy Melvin,NONCOMPLIANT,1
2022,Richland County,Kathy Melvin,NONCOMPLIANT,1
2022,Rock Island County,Jennifer Delaney,COMPLIANT,0
2022,Saline County,Kathy Melvin,NONCOMPLIANT,1
2022,Sangamon County,Doug Brubaker,NONCOMPLIANT,1
2022,Schuyler County,Doug Brubaker,NONCOMPLIANT,1
2022,Shelby County,Doug Brubaker,COMPLIANT,0
2022,St. Clair County,Kathy Melvin,NONCOMPLIANT,1
2022,Stark County,Jennifer Delaney,NONCOMPLIANT,1
2022,Stephenson County,Sara Johnson,NONCOMPLIANT,1
2022,Tazewell County,Doug Brubaker,COMPLIANT,0
2022,Vermilion County,Doug Brubaker,NONCOMPLIANT,1
2022,Wabash County,Kathy Melvin,NONCOMPLIANT,1
2022,Warren County,Jennifer Delaney,NONCOMPLIANT,1
2022,Washington County,Kathy Melvin,COMPLIANT,0
2022,Wayne County,Kathy Melvin,NONCOMPLIANT,1
2022,White County,Kathy Melvin,COMPLIANT,0
2022,Whiteside County,Jennifer Delaney,NONCOMPLIANT,1
2022,Will County,Bob Bowen,COMPLIANT,0
2022,Williamson County,Kathy Melvin,COMPLIANT,0
2022,Winnebago County,Jennifer Delaney,COMPLIANT,0
2022,Woodford County,Doug Brubaker,COMPLIANT,0
2023,Adams County,Bryan Stratton,COMPLIANT,0
2023,Bond County,Kathy Melvin,NONCOMPLIANT,1
2023,Boone County,Sara Johnson,COMPLIANT,0
2023,Bureau County,Sara Johnson,NONCOMPLIANT,1
2023,Carroll County,Sara Johnson,NONCOMPLIANT,1
2023,Champaign County,Bryan Stratton,COMPLIANT,0
2023,Christian County,Bob Bowen,NONCOMPLIANT,1
2023,Clark County,Kathy Melvin,NONCOMPLIANT,1
2023,Clay County,Kathy Melvin,NONCOMPLIANT,1
2023,Clinton County,Kathy Melvin,NONCOMPLIANT,1
2023,Coles County,Kathy Melvin,COMPLIANT,0
2023,Cook County,P. Morris,NONCOMPLIANT,1
2023,Crawford County,Kathy Melvin,COMPLIANT,0
2023,Cumberland County,Kathy Melvin,NONCOMPLIANT,1
2023,Dekalb County,Sara Johnson,COMPLIANT,0
2023,Dewitt County,Bryan Stratton,NONCOMPLIANT,1
2023,Douglas County,Bryan Stratton,NONCOMPLIANT,1
2023,Dupage County,P. Morris,COMPLIANT,0
2023,Edgar County,Bryan Stratton,NONCOMPLIANT,1
2023,Effingham County,Kathy Melvin,NONCOMPLIANT,1
2023,Fayette County,Kathy Melvin,NONCOMPLIANT,1
2023,Ford County,Bryan Stratton,NONCOMPLIANT,1
2023,Franklin County,Kathy Melvin,NONCOMPLIANT,1
2023,Fulton County,Sara Johnson,NONCOMPLIANT,1
2023,Greene County,Bryan Stratton,NONCOMPLIANT,1
2023,Grundy County,Sara Johnson,NONCOMPLIANT,1
2023,Hancock County,Bryan Stratton,NONCOMPLIANT,1
2023,Hardin County,Kathy Melvin,NONCOMPLIANT,1
2023,Henderson County,Sara Johnson,NONCOMPLIANT,1
2023,Henry County,Sara Johnson,NONCOMPLIANT,1
2023,Iroquois County,Bryan Stratton,NONCOMPLIANT,1
2023,Jackson County,Kathy Melvin,COMPLIANT,0
2023,Jasper County,Kathy Melvin,NONCOMPLIANT,1
2023,Jefferson County,Kathy Melvin,COMPLIANT,0
2023,Jersey County,Bryan Stratton,NONCOMPLIANT,1
2023,Jo Daviess County,Sara Johnson,NONCOMPLIANT,1
2023,Kane County,Sara Johnson,COMPLIANT,0
2023,Kankakee County,P. Morris,NONCOMPLIANT,1
2023,Kendall County,Sara Johnson,COMPLIANT,0
2023,Knox County,Sara Johnson,NONCOMPLIANT,1
2023,Lake County,P. Morris,NONCOMPLIANT,1
2023,Lasalle County,Sara Johnson,NONCOMPLIANT,1
2023,Lawrence County,Kathy Melvin,NONCOMPLIANT,1
2023,Lee County,Sara Johnson,NONCOMPLIANT,1
2023,Livingston County,Sara Johnson,NONCOMPLIANT,1
2023,Logan County,Bob Bowen,NONCOMPLIANT,1
2023,Macon County,Bryan Stratton,COMPLIANT,0
2023,Macoupin County,Kathy Melvin,NONCOMPLIANT,1
2023,Madison County,Kathy Melvin,COMPLIANT,0
2023,Marion County,Kathy Melvin,NONCOMPLIANT,1
2023,Marshall County,Sara Johnson,NONCOMPLIANT,1
2023,Mason County,Bryan Stratton,NONCOMPLIANT,1
2023,Massac County,Kathy Melvin,NONCOMPLIANT,1
2023,Mcdonough County,Bryan Stratton,NONCOMPLIANT,1
2023,Mchenry County,Sara Johnson,COMPLIANT,0
2023,Mclean County,Bryan Stratton,NONCOMPLIANT,1
2023,Menard County,Bryan Stratton,NONCOMPLIANT,1
2023,Mercer County,Sara Johnson,NONCOMPLIANT,1
2023,Monroe County,Kathy Melvin,NONCOMPLIANT,1
2023,Montgomery County,Bryan Stratton,NONCOMPLIANT,1
2023,Morgan County,Bryan Stratton,NONCOMPLIANT,1
2023,Moultrie County,Bryan Stratton,NONCOMPLIANT,1
2023,Ogle County,Sara Johnson,NONCOMPLIANT,1
2023,Peoria County,Sara Johnson,NONCOMPLIANT,1
2023,Perry County,Kathy Melvin,NONCOMPLIANT,1
2023,Piatt County,Bryan Stratton,NONCOMPLIANT,1
2023,Pike County,Bryan Stratton,NONCOMPLIANT,1
2023,Pulaski County,Kathy Melvin,COMPLIANT,0
2023,Putnam County,Sara Johnson,NONCOMPLIANT,1
2023,Randolph County,Kathy Melvin,NONCOMPLIANT,1
2023,Richland County,Kathy Melvin,COMPLIANT,0
2023,Rock Island County,Sara Johnson,NONCOMPLIANT,1
2023,Saline County,Kathy Melvin,NONCOMPLIANT,1
2023,Sangamon County,Bryan Stratton,NONCOMPLIANT,1
2023,Schuyler County,Bryan Stratton,NONCOMPLIANT,1
2023,Shelby County,Kathy Melvin,NONCOMPLIANT,1
2023,St Clair County,Kathy Melvin,NONCOMPLIANT,1
2023,Stark County,Sara Johnson,NONCOMPLIANT,1
2023,Stephenson County,Sara Johnson,COMPLIANT,0
2023,Tazewell County,Bryan Stratton,NONCOMPLIANT,1
2023,Vermilion County,Bryan Stratton,NONCOMPLIANT,1
2023,Wabash County,Kathy Melvin,NONCOMPLIANT,1
2023,Warren County,Sara Johnson,NONCOMPLIANT,1
2023,Washington County,Kathy Melvin,NONCOMPLIANT,1
2023,Wayne County,Kathy Melvin,COMPLIANT,0
2023,White County,Kathy Melvin,COMPLIANT,0
2023,Whiteside County,Sara Johnson,NONCOMPLIANT,1
2023,Will County,P. Morris,NONCOMPLIANT,1
2023,Williamson County,Kathy Melvin,NONCOMPLIANT,1
2023,Winnebago County,Sara Johnson,COMPLIANT,0
2023,Woodford County,Sara Johnson,NONCOMPLIANT,1
2024,Adams County,Bryan Stratton,NONCOMPLIANT,1
2024,Bond County,Kathy Melvin,NONCOMPLIANT,1
2024,Boone County,Sara Johnson,COMPLIANT,0
2024,Bureau County,Sara Johnson,COMPLIANT,0
2024,Carroll County,Sara Johnson,NONCOMPLIANT,1
2024,Champaign County,Bryan Stratton,COMPLIANT,0
2024,Christian County,Bryan Stratton,NONCOMPLIANT,1
2024,Clark County,Kathy Melvin,NONCOMPLIANT,1
2024,Clay County,Kathy Melvin,NONCOMPLIANT,1
2024,Clinton County,Kathy Melvin,NONCOMPLIANT,1
2024,Coles County,Bryan Stratton,COMPLIANT,0
2024,Cook County,P. Morris,NONCOMPLIANT,1
2024,Crawford County,Kathy Melvin,NONCOMPLIANT,1
2024,Cumberland County,Kathy Melvin,NONCOMPLIANT,1
2024,Dekalb County,Sara Johnson,COMPLIANT,0
2024,Dewitt County,Bryan Stratton,NONCOMPLIANT,1
2024,Douglas County,Bryan Stratton,NONCOMPLIANT,1
2024,Dupage County,P. Morris,COMPLIANT,0
2024,Edgar County,Bryan Stratton,NONCOMPLIANT,1
2024,Effingham County,Kathy Melvin,COMPLIANT,0
2024,Fayette County,Kathy Melvin,NONCOMPLIANT,1
2024,Ford County,Bryan Stratton,NONCOMPLIANT,1
2024,Franklin County,Kathy Melvin,NONCOMPLIANT,1
2024,Fulton County,Bryan Stratton,COMPLIANT,0
2024,Greene County,Bryan Stratton,NONCOMPLIANT,1
2024,Grundy County,Sara Johnson,COMPLIANT,0
2024,Hancock County,Bryan Stratton,NONCOMPLIANT,1
2024,Hardin County,Kathy Melvin,NONCOMPLIANT,1
2024,Henderson County,Sara Johnson,COMPLIANT,0
2024,Henry County,Sara Johnson,NONCOMPLIANT,1
2024,Iroquois County,Bryan Stratton,NONCOMPLIANT,1
2024,Jackson County,Kathy Melvin,COMPLIANT,0
2024,Jasper County,Kathy Melvin,NONCOMPLIANT,1
2024,Jefferson County,Kathy Melvin,COMPLIANT,0
2024,Jersey County,Bryan Stratton,NONCOMPLIANT,1
2024,Jo Daviess County,Sara Johnson,NONCOMPLIANT,1
2024,Kane County,Sara Johnson,COMPLIANT,0
2024,Kankakee County,P. Morris,NONCOMPLIANT,1
2024,Kendall County,Sara Johnson,COMPLIANT,0
2024,Knox County,Sara Johnson,NONCOMPLIANT,1
2024,Lasalle County,Sara Johnson,COMPLIANT,0
2024,Lake County,P. Morris,COMPLIANT,0
2024,Lawrence County,Kathy Melvin,NONCOMPLIANT,1
2024,Lee County,Sara Johnson,NONCOMPLIANT,1
2024,Livingston County,Bryan Stratton,COMPLIANT,0
2024,Logan County,Bryan Stratton,NONCOMPLIANT,1
2024,Macon County,Bryan Stratton,COMPLIANT,0
2024,Macoupin County,Bryan Stratton,NONCOMPLIANT,1
2024,Madison County,Kathy Melvin,NONCOMPLIANT,1
2024,Marion County,Kathy Melvin,NONCOMPLIANT,1
2024,Marshall County,Sara Johnson,NONCOMPLIANT,1
2024,Mason County,Bryan Stratton,NONCOMPLIANT,1
2024,Massac County,Kathy Melvin,NONCOMPLIANT,1
2024,Mcdonough County,Bryan Stratton,COMPLIANT,0
2024,Mchenry County,Sara Johnson,COMPLIANT,0
2024,Mclean County,Bryan Stratton,COMPLIANT,0
2024,Menard County,Bryan Stratton,NONCOMPLIANT,1
2024,Mercer County,Sara Johnson,NONCOMPLIANT,1
2024,Monroe County,Kathy Melvin,NONCOMPLIANT,1
2024,Montgomery County,Bryan Stratton,NONCOMPLIANT,1
2024,Morgan County,Bryan Stratton,NONCOMPLIANT,1
2024,Moultrie County,Bryan Stratton,NONCOMPLIANT,1
2024,Ogle County,Sara Johnson,NONCOMPLIANT,1
2024,Peoria County,Bryan Stratton,NONCOMPLIANT,1
2024,Perry County,Kathy Melvin,NONCOMPLIANT,1
2024,Piatt County,Bryan Stratton,COMPLIANT,0
2024,Pike County,Bryan Stratton,NONCOMPLIANT,1
2024,Pulaski County,Kathy Melvin,NONCOMPLIANT,1
2024,Putnam County,Sara Johnson,COMPLIANT,0
2024,Randolph County,Kathy Melvin,COMPLIANT,0
2024,Richland County,Kathy Melvin,NONCOMPLIANT,1
2024,Rock Island County,Sara Johnson,NONCOMPLIANT,1
2024,Saline County,Kathy Melvin,NONCOMPLIANT,1
2024,Sangamon County,Bryan Stratton,NONCOMPLIANT,1
2024,Schuyler County,Bryan Stratton,NONCOMPLIANT,1
2024,Shelby County,Bryan Stratton,NONCOMPLIANT,1
2024,St. Clair County,Kathy Melvin,NONCOMPLIANT,1
2024,Stephenson County,Sara Johnson,COMPLIANT,0
2024,Tazewell County,Bryan Stratton,COMPLIANT,0
2024,Vermilion County,Bryan Stratton,NONCOMPLIANT,1
2024,Wabash County,Kathy Melvin,NONCOMPLIANT,1
2024,Warren County,Sara Johnson,NONCOMPLIANT,1
2024,Washington County,Kathy Melvin,NONCOMPLIANT,1
2024,Wayne County,Kathy Melvin,COMPLIANT,0
2024,White County,Kathy Melvin,NONCOMPLIANT,1
2024,Whiteside County,Sara Johnson,COMPLIANT,0
2024,Will County,P. Morris,NONCOMPLIANT,1
2024,Williamson County,Kathy Melvin,NONCOMPLIANT,1
2024,Winnebago County,Sara Johnson,NONCOMPLIANT,1
2024,Woodford County,Bryan Stratton,COMPLIANT,0
2025,Adams County,Bryan Stratton,COMPLIANT,0
2025,Bond County,Kathy Melvin,NONCOMPLIANT,1
2025,Boone County,Sara Johnson,COMPLIANT,0
2025,Bureau County,Sara Johnson,COMPLIANT,0
2025,Carroll County,Sara Johnson,NONCOMPLIANT,1
2025,Champaign County,Bryan Stratton,COMPLIANT,0
2025,Christian County,Bryan Stratton,NONCOMPLIANT,1
2025,Clark County,Kathy Melvin,NONCOMPLIANT,1
2025,Clay County,Kathy Melvin,NONCOMPLIANT,1
2025,Clinton County,Kathy Melvin,NONCOMPLIANT,1
2025,Coles County,Bryan Stratton,COMPLIANT,0
2025,Cook County,P. Morris,NONCOMPLIANT,1
2025,Crawford County,Kathy Melvin,NONCOMPLIANT,1
2025,Cumberland County,Kathy Melvin,NONCOMPLIANT,1
2025,Dekalb County,Sara Johnson,COMPLIANT,0
2025,Dewitt County,Bryan Stratton,NONCOMPLIANT,1
2025,Douglas County,Jennifer Stout,NONCOMPLIANT,1
2025,Dupage County,P. Morris,COMPLIANT,0
2025,Edgar County,Bryan Stratton,NONCOMPLIANT,1
2025,Effingham County,Kathy Melvin,COMPLIANT,0
2025,Fayette County,Kathy Melvin,NONCOMPLIANT,1
2025,Ford County,Bryan Stratton,NONCOMPLIANT,1
2025,Franklin County,Kathy Melvin,NONCOMPLIANT,1
2025,Fulton County,Sara Johnson,NONCOMPLIANT,1
2025,Greene County,Bryan Stratton,NONCOMPLIANT,1
2025,Grundy County,Sara Johnson,COMPLIANT,0
2025,Hancock County,Bryan Stratton,NONCOMPLIANT,1
2025,Hardin County,Kathy Melvin,NONCOMPLIANT,1
2025,Henderson County,Sara Johnson,COMPLIANT,0
2025,Henry County,Sara Johnson,COMPLIANT,0
2025,Iroquois County,Bryan Stratton,COMPLIANT,0
2025,Jackson County,Kathy Melvin,COMPLIANT,0
2025,Jasper County,Kathy Melvin,NONCOMPLIANT,1
2025,Jefferson County,Kathy Melvin,COMPLIANT,0
2025,Jersey County,Bryan Stratton,COMPLIANT,0
2025,Jo Daviess County,Sara Johnson,NONCOMPLIANT,1
2025,Kane County,Sara Johnson,COMPLIANT,0
2025,Kankakee County,P. Morris,NONCOMPLIANT,1
2025,Kendall County,Sara Johnson,COMPLIANT,0
2025,Knox County,Sara Johnson,COMPLIANT,0
2025,Lasalle County,Sara Johnson,COMPLIANT,0
2025,Lake County,P. Morris,COMPLIANT,0
2025,Lawrence County,Kathy Melvin,NONCOMPLIANT,1
2025,Lee County,Sara Johnson,NONCOMPLIANT,1
2025,Livingston County,Sara Johnson,COMPLIANT,0
2025,Logan County,Bryan Stratton,COMPLIANT,0
2025,Macon County,Jennifer Stout,NONCOMPLIANT,1
2025,Macoupin County,Bryan Stratton,NONCOMPLIANT,1
2025,Madison County,Kathy Melvin,NONCOMPLIANT,1
2025,Marion County,Kathy Melvin,NONCOMPLIANT,1
2025,Marshall County,Sara Johnson,NONCOMPLIANT,1
2025,Mason County,Bryan Stratton,NONCOMPLIANT,1
2025,Massac County,Kathy Melvin,NONCOMPLIANT,1
2025,Mcdonough County,Bryan Stratton,COMPLIANT,0
2025,Mchenry County,Sara Johnson,COMPLIANT,0
2025,Mclean County,Bryan Stratton,COMPLIANT,0
2025,Menard County,Bryan Stratton,NONCOMPLIANT,1
2025,Mercer County,Sara Johnson,NONCOMPLIANT,1
2025,Monroe County,Kathy Melvin,NONCOMPLIANT,1
2025,Montgomery County,Bryan Stratton,NONCOMPLIANT,1
2025,Morgan County,Bryan Stratton,NONCOMPLIANT,1
2025,Moultrie County,Bryan Stratton,COMPLIANT,0
2025,Ogle County,Sara Johnson,COMPLIANT,0
2025,Peoria County,Sara Johnson,NONCOMPLIANT,1
2025,Perry County,Kathy Melvin,NONCOMPLIANT,1
2025,Piatt County,Bryan Stratton,COMPLIANT,0
2025,Pike County,Bryan Stratton,NONCOMPLIANT,1
2025,Pulaski County,Kathy Melvin,NONCOMPLIANT,1
2025,Putnam County,Sara Johnson,NONCOMPLIANT,1
2025,Randolph County,Kathy Melvin,NONCOMPLIANT,1
2025,Richland County,Kathy Melvin,COMPLIANT,0
2025,Rock Island County,Sara Johnson,COMPLIANT,0
2025,Saline County,Kathy Melvin,NONCOMPLIANT,1
2025,Sangamon County,Bryan Stratton,NONCOMPLIANT,1
2025,Schuyler County,Bryan Stratton,COMPLIANT,0
2025,Shelby County,Bryan Stratton,NONCOMPLIANT,1
2025,St. Clair County,Kathy Melvin,NONCOMPLIANT,1
2025,Stephenson County,Sara Johnson,COMPLIANT,0
2025,Tazewell County,Bryan Stratton,COMPLIANT,0
2025,Vermilion County,Bryan Stratton,NONCOMPLIANT,1
2025,Wabash County,Kathy Melvin,NONCOMPLIANT,1
2025,Warren County,Sara Johnson,NONCOMPLIANT,1
2025,Washington County,Kathy Melvin,COMPLIANT,0
2025,Wayne County,Kathy Melvin,COMPLIANT,0
2025,White County,Kathy Melvin,NONCOMPLIANT,1
2025,Whiteside County,Sara Johnson,COMPLIANT,0
2025,Will County,P. Morris,NONCOMPLIANT,1
2025,Williamson County,Kathy Melvin,NONCOMPLIANT,1
2025,Winnebago County,Sara Johnson,COMPLIANT,0
2025,Woodford County,Sara Johnson,COMPLIANT,0