death_date,year,age,county,counted
9/11/2019,2019,55,Adams,1
10/13/22,2022,31,Champaign,1
5/22/24,2024,51,Champaign,1
9/24/23,2023,33,Champaign,0
4/15/21,2021,51,Christian,0
7/25/25,2025,66,Coles,1
2/5/19,2019,54,Cook,1
3/2/19,2019,51,Cook,1
5/13/19,2019,27,Cook,1
5/20/19,2019,53,Cook,1
6/10/19,2019,25,Cook,1
7/3/19,2019,55,Cook,1
10/6/19,2019,30,Cook,1
10/20/19,2019,31,Cook,1
11/13/19,2019,26,Cook,1
12/10/19,2019,56,Cook,1
2/1/20,2020,19,Cook,1
4/5/20,2020,59,Cook,1
4/9/20,2020,51,Cook,1
4/12/20,2020,42,Cook,1
4/19/20,2020,42,Cook,1
4/19/20,2020,64,Cook,1
4/20/20,2020,53,Cook,1
5/4/20,2020,53,Cook,1
5/21/20,2020,31,Cook,1
9/16/20,2020,47,Cook,1
9/29/20,2020,22,Cook,1
10/29/20,2020,35,Cook,1
11/16/20,2020,27,Cook,1
11/16/20,2020,85,Cook,1
12/23/20,2020,64,Cook,1
1/17/21,2021,84,Cook,1
3/3/21,2021,23,Cook,1
3/7/21,2021,56,Cook,1
3/12/21,2021,52,Cook,1
7/4/20,2020,51,Cook,0
10/31/21,2021,22,Cook,1
11/24/2021,2021,44,Cook,1
12/4/21,2021,28,Cook,1
1/27/22,2022,73,Cook,1
6/14/22,2022,24,Cook,1
7/22/22,2022,59,Cook,1
8/2/22,2022,27,Cook,1
8/13/22,2022,30,Cook,1
11/10/22,2022,52,Cook,1
11/17/22,2022,26,Cook,1
1/27/23,2023,34,Cook,1
1/29/23,2023,57,Cook,1
1/29/23,2023,79,Cook,1
2/9/2023,2023,23,Cook,1
2/11/23,2023,28,Cook,1
3/2/23,2023,28,Cook,1
3/3/23,2023,35,Cook,1
4/1/23,2023,25,Cook,1
4/6/23,2023,35,Cook,1
5/2/23,2023,28,Cook,1
5/15/23,2023,81,Cook,1
5/19/23,2023,33,Cook,1
5/22/23,2023,49,Cook,1
7/25/23,2023,23,Cook,1
8/8/23,2023,29,Cook,1
9/28/23,2023,26,Cook,1
12/11/23,2023,37,Cook,1
12/25/23,2023,33,Cook,1
4/3/24,2024,59,Cook,1
6/21/24,2024,41,Cook,1
7/12/24,2024,32,Cook,1
7/27/24,2024,28,Cook,1
8/4/24,2024,27,Cook,1
9/7/24,2024,52,Cook,1
9/29/24,2024,32,Cook,1
11/30/24,2024,22,Cook,1
12/9/24,2024,80,Cook,1
12/16/24,2024,79,Cook,1
12/24/2024,2024,70,Cook,1
1/23/25,2025,22,Cook,1
2/3/25,2025,36,Cook,1
4/6/25,2025,36,Cook,1
6/15/25,2025,55,Cook,1
11/20/25,2025,24,Cook,1
12/6/25,2025,41,Cook,1
12/7/25,2025,35,Cook,1
12/17/25,2025,20,Cook,1
12/20/25,2025,33,Cook,1
11/17/20,2020,41,Cook,0
2/21/2021,2021,86,Cook,0
4/8/21,2021,26,Cook,0
4/20/21,2021,37,Cook,0
4/21/21,2021,57,Cook,0
5/11/2021,2021,63,Cook,0
6/13/21,2021,45,Cook,0
11/5/19,2019,32,Cumberland,1
12/22/25,2025,26,Cumberland,0
6/22/23,2023,42,DeKalb,1
10/15/19,2019,31,DuPage,0
8/25/20,2020,66,DuPage,0
6/24/20,2020,60,DuPage,1
7/19/22,2022,47,DuPage,1
06/12/2023,2023,50,DuPage,1
06/16/2023,2023,42,DuPage,1
9/12/23,2023,29,DuPage,1
9/12/23,2023,38,DuPage,1
8/9/21,2021,44,DuPage,0
8/5/25,2025,37,DuPage,1
5/27/19,2019,32,Fayette,0
6/14/2019,2019,24,Fulton,0
3/29/25,2025,47,Hancock,1
10/12/19,2019,61,Henry,1
8/26/20,2020,24,Iroquois,1
8/27/20,2020,47,Iroquois,1
5/12/22,2022,32,Iroquois,1
7/28/20,2020,41,Jackson,1
2/2/21,2021,34,Jackson,0
9/25/20,2020,50,Jefferson,0
1/15/23,2023,31,Jefferson,0
12/20/23,2023,27,Jefferson,1
5/24/19,2019,58,Kane,0
1/11/22,2022,67,Kane,1
12/4/19,2019,30,Kankakee,0
1/15/20,2020,31,Kankakee,1
2/3/22,2022,37,Kankakee,1
9/9/2022,2022,32,Kankakee,1
1/2/24,2024,50,Kankakee,1
8/12/22,2022,44,Kankakee,0
2/12/19,2019,31,Kendall,0
11/5/19,2019,34,Knox,1
5/31/25,2025,46,Knox,0
12/6/21,2021,61,Lake,1
8/20/22,2022,65,Lake,1
9/23/22,2022,51,Lake,1
12/16/22,2022,24,Lake,1
2/18/23,2023,50,Lake,1
5/3/24,2024,61,Lake,1
12/31/24,2024,53,Lake,1
2/13/21,2021,21,LaSalle,0
3/22/2022,2022,45,LaSalle,1
12/14/2023,2023,36,LaSalle,1
10/5/2020,2020,61,Lee,0
12/14/2020,2020,43,Lee,0
8/17/2019,2019,58,Livingston,0
10/17/2019,2019,21,Macon,1
8/2/2025,2025,43,Macon,0
7/9/2024,2024,63,Macoupin,1
10/22/2019,2019,32,Madison,1
2/24/2020,2020,28,Madison,1
5/31/2024,2024,49,Madison,1
1/8/2022,2022,32,Madison,0
6/29/2022,2022,38,Madison,0
6/11/2023,2023,47,Madison,0
9/4/2023,2023,61,Madison,0
3/15/2025,2025,38,Madison,0
7/10/22,2022,24,Marion,1
5/22/24,2024,44,Marion,0
5/5/25,2025,45,Marion,1
6/1/25,2025,67,Marshall,1
5/10/20,2020,50,Massac,0
7/5/23,2023,43,Massac,1
11/8/23,2023,51,McDonough,1
4/5/21,2021,42,McHenry,0
7/28/23,2023,31,McHenry,1
11/21/23,2023,51,McHenry,1
12/3/23,2023,59,McHenry,1
12/5/23,2023,74,McHenry,1
10/9/22,2022,56,McHenry,0
10/19/23,2023,41,McLean,1
12/13/19,2019,32,Monroe,1
4/7/20,2020,28,Montgomery,1
12/23/24,2024,50,Montgomery,0
4/25/22,2022,40,Morgan,1
8/6/20,2020,60,Peoria,0
2/14/21,2021,59,Peoria,1
8/15/22,2022,39,Peoria,1
10/1/22,2022,31,Peoria,1
9/9/23,2023,33,Peoria,1
12/9/2025,2025,39,Peoria,1
7/2/24,2024,31,Peoria,0
12/29/20,2020,76,Pike,0
7/18/22,2022,47,Pulaski,0
12/23/23,2023,37,Pulaski,1
11/1/25,2025,57,Pulaski,1
7/6/23,2023,41,Pulaski,0
3/7/24,2024,75,Pulaski,0
3/24/24,2024,62,Pulaski,0
7/30/25,2025,34,Randolph,1
3/5/25,2025,62,Richland,1
6/13/22,2022,46,Rock Island,1
9/1/22,2022,49,Saline,0
8/20/23,2023,42,Saline,1
6/27/2021,2021,62,Sangamon,0
4/17/22,2022,23,Sangamon,0
4/28/21,2021,39,Sangamon,1
2/18/2025,2025,55,Sangamon,1
3/14/22,2022,69,Shelby,1
11/11/25,2025,49,Shelby,1
9/10/2020,2020,42,St. Clair,0
2/1/2021,2021,63,St. Clair,0
2/19/2021,2021,55,St. Clair,0
1/10/2022,2022,50,St. Clair,1
8/16/2023,2023,21,St. Clair,1
10/11/25,2025,65,St. Clair,1
4/11/25,2025,38,St. Clair,0
5/11/25,2025,45,St. Clair,1
5/3/19,2019,31,Stark,1
9/26/23,2023,72,Stark,1
10/7/21,2021,57,Tazewell,0
11/10/19,2019,41,Tazewell,1
9/24/23,2023,42,Tazewell,1
10/6/25,2025,94,Tazewell,1
4/11/2021,2021,43,Vermilion,0
11/30/2021,2021,39,Vermilion,0
1/25/19,2019,38,Vermilion,1
2/2/19,2019,40,Vermilion,1
8/23/19,2019,55,Vermilion,1
2/16/20,2020,33,Vermilion,1
9/28/20,2020,31,Vermilion,1
10/16/2021,2021,52,White,0
6/10/20,2020,59,Whiteside,1
8/10/20,2020,50,Whiteside,1
3/25/22,2022,22,Whiteside,1
6/11/21,2021,78,Will,0
4/24/19,2019,28,Will,1
5/4/19,2019,64,Will,1
6/18/19,2019,27,Will,1
9/29/19,2019,34,Will,1
3/14/22,2022,51,Will,1
5/24/22,2022,70,Will,1
8/20/22,2022,78,Will,1
2/9/24,2024,79,Will,1
11/10/22,2022,33,Williamson,1
4/8/22,2022,53,Winnebago,0
8/9/22,2022,44,Winnebago,0
11/2/22,2022,62,Winnebago,0
11/6/22,2022,61,Winnebago,0
10/28/19,2019,35,Winnebago,1
12/1/19,2019,27,Winnebago,1
3/5/25,2025,40,Winnebago,1
12/7/25,2025,30,Winnebago,0
11/3/21,2021,26,Woodford,1
