year,file,county,inspector,status,noncompliant,violations,701.10,701.20,701.30,701.40,701.50,701.60,701.70,701.80,701.90,701.100,701.110,701.120,701.130,701.140,701.150,701.160,701.170,701.180,701.190,701.200,701.210,701.220,701.230,701.240,701.250,701.260,701.270,701.280,701.290
2017,adams-county-2017-jail-inspection.pdf,Adams County,Stephanie Rawlings,NONCOMPLIANT,1,"701.40, 701.80, 701.120, 701.140",,,,1,,,,1,,,,1,,1,,,,,,,,,,,,,,,
2017,bond-county-2017-jail-inspection.pdf,Bond County,Dianne Fritscle,NONCOMPLIANT,1,"701.80, 701.140",,,,,,,,1,,,,,,1,,,,,,,,,,,,,,,
2017,boone-county-2017-jail-inspection.pdf,Boone County,Michael Leathers,COMPLIANT,0,None,,,,,,,,,,,,,,,,,,,,,,,,,,,,,
2017,bureau-county-2017-jail-inspection.pdf,Bureau County,Michael Leathers,NONCOMPLIANT,1,"701.30, 701.80, 701.110",,,1,,,,,1,,,1,,,,,,,,,,,,,,,,,,
2017,calhoun-county-2017-jail-inspection.pdf,Calhoun County,Stephanie Rawlings,NONCOMPLIANT,1,"701.20, 701.40, 701.60, 701.70, 701.9, 701.100, 701.1100, 701.130, 701,140, 701.200, 701.230, 701.250, 701.260",,1,,1,,1,1,,,1,,,1,,,,,,,1,,,1,,1,1,,,
2017,carroll-county-2017-jail-inspection.pdf,Carroll County,Michael Leathers,COMPLIANT,0,None,,,,,,,,,,,,,,,,,,,,,,,,,,,,,
2017,champaign-county-2017-jail-inspection.pdf,Champaign County,Stephanie Rawlings,NONCOMPLIANT,1,701.150,,,,,,,,,,,,,,,1,,,,,,,,,,,,,,
2017,christian-county-2017-jail-inspection.pdf,Christian County,Stephanie Rawlings,NONCOMPLIANT,1,"701.130, 701.290",,,,,,,,,,,,,1,,,,,,,,,,,,,,,,1
2017,clark-county-2017-jail-inspection.pdf,Clark County,Dianne Fritscle,NONCOMPLIANT,1,701.140,,,,,,,,,,,,,,1,,,,,,,,,,,,,,,
2017,clay-county-2017-jail-inspection.pdf,Clay County,Dianne Fritscle,NONCOMPLIANT,1,701.140,,,,,,,,,,,,,,1,,,,,,,,,,,,,,,
2017,clinton-county-2017-jail-inspection.pdf,Clinton County,Dianne Fritscle,NONCOMPLIANT,1,"701.80, 701.130",,,,,,,,1,,,,,1,,,,,,,,,,,,,,,,
2017,coles-county-2017-jail-inspection.pdf,Coles County,Stephanie Rawlings,NONCOMPLIANT,1,701.10,1,,,,,,,,,,,,,,,,,,,,,,,,,,,,
2017,cook-county-2017-jail-inspection.pdf,Cook County,NOT FOUND,ERR,0,None,,,,,,,,,,,,,,,,,,,,,,,,,,,,,
2017,crawford-county-2017-jail-inspection.pdf,Crawford County,Dianne Fritscle,NONCOMPLIANT,1,701.140,,,,,,,,,,,,,,1,,,,,,,,,,,,,,,
2017,cumberland-county-2017-jail-inspection.pdf,Cumberland County,Dianne Fritscle,NONCOMPLIANT,1,701.140,,,,,,,,,,,,,,1,,,,,,,,,,,,,,,
2017,dekalb-county-2017-jail-inspection.pdf,Dekalb County,Michael Leathers,COMPLIANT,0,None,,,,,,,,,,,,,,,,,,,,,,,,,,,,,
2017,dewitt-county-2017-jail-inspection.pdf,Dewitt County,Stephanie Rawlings,NONCOMPLIANT,1,"701.130, 701.20, 701.130, 701.10, 701.60, 701.90, 701.130",1,1,,,,1,,,1,,,,1,,,,,,,,,,,,,,,,
2017,douglas-county-2017-jail-inspection.pdf,Douglas County,Stephanie Rawlings,NONCOMPLIANT,1,"701.20, 701.130, 701.140",,1,,,,,,,,,,,1,1,,,,,,,,,,,,,,,
2017,dupage-county-2017-jail-inspection.pdf,Dupage County,Errica Weatherspoon,COMPLIANT,0,None,,,,,,,,,,,,,,,,,,,,,,,,,,,,,
2017,edgar-county-2017-jail-inspection.pdf,Edgar County,Stephanie Rawlings,NONCOMPLIANT,1,"701.20, 701.40, 701.70, 701.80, 701.130, 701.140, 701.220, 701.260",,1,,1,,,1,1,,,,,1,1,,,,,,,,1,,,,1,,,
2017,effingham-county-2017-jail-inspection.pdf,Effingham County,Dianne Fritscle,COMPLIANT,0,None,,,,,,,,,,,,,,,,,,,,,,,,,,,,,
2017,fayette-county-2017-jail-inspection.pdf,Fayette County,Dianne Fritscle,COMPLIANT,0,None,,,,,,,,,,,,,,,,,,,,,,,,,,,,,
2017,ford-county-2017-jail-inspection.pdf,Ford County,Stephanie Rawlings,NONCOMPLIANT,1,"701.140, 701.130",,,,,,,,,,,,,1,1,,,,,,,,,,,,,,,
2017,franklin-county-2017-jail-inspection.pdf,Franklin County,Dianne Fritscle,NONCOMPLIANT,1,701.80,,,,,,,,1,,,,,,,,,,,,,,,,,,,,,
2017,fulton-county-2017-jail-inspection.pdf,Fulton County,Stephanie Rawlings,NONCOMPLIANT,1,"701.150, 701.160, 701.130",,,,,,,,,,,,,1,,1,1,,,,,,,,,,,,,
2017,greene-county-2017-jail-inspection.pdf,Greene County,Stephanie Rawlings,NONCOMPLIANT,1,"701.140, 701.130, 701.70, 701.20",,1,,,,,1,,,,,,1,1,,,,,,,,,,,,,,,
2017,grundy-county-2017-jail-inspection.pdf,Grundy County,Michael Leathers,COMPLIANT,0,None,,,,,,,,,,,,,,,,,,,,,,,,,,,,,
2017,hancock-county-2017-jail-inspection.pdf,Hancock County,Stephanie Rawlings,NONCOMPLIANT,1,"701.20, 701.130, 701.140",,1,,,,,,,,,,,1,1,,,,,,,,,,,,,,,
2017,hardin-county-2017-jail-inspection.pdf,Hardin County,Dianne Fritscle,NONCOMPLIANT,1,701.140,,,,,,,,,,,,,,1,,,,,,,,,,,,,,,
2017,henderson-county-2017-jail-inspection.pdf,Henderson County,Michael Leathers,NONCOMPLIANT,1,"701.10, 701.130, 701.140, 701.20",1,1,,,,,,,,,,,1,1,,,,,,,,,,,,,,,
2017,henry-county-2017-jail-inspection.pdf,Henry County,Michael Leathers,COMPLIANT,0,None,,,,,,,,,,,,,,,,,,,,,,,,,,,,,
2017,iroquois-county-2017-jail-inspection.pdf,Iroquois County,Stephanie Rawlings,NONCOMPLIANT,1,"701.10, 701.50, 701.70, 701.130, 701.140, 701.170, 701.160, 701.150",1,,,,1,,1,,,,,,1,1,1,1,1,,,,,,,,,,,,
2017,jackson-county-2017-jail-inspection.pdf,Jackson County,Dianne Fritscle,COMPLIANT,0,None,,,,,,,,,,,,,,,,,,,,,,,,,,,,,
2017,jasper-county-2017-jail-inspection.pdf,Jasper County,Dianne Fritscle,NONCOMPLIANT,1,701.140,,,,,,,,,,,,,,1,,,,,,,,,,,,,,,
2017,jefferson-county-2017-jail-inspection.pdf,Jefferson County,Dianne Fritscle,COMPLIANT,0,None,,,,,,,,,,,,,,,,,,,,,,,,,,,,,
2017,jerome-combs-and-kankakee-county-2017-jail-inspection.pdf,Jerome Combs And Kankakee County,Errica Weatherspoon,COMPLIANT,0,None,,,,,,,,,,,,,,,,,,,,,,,,,,,,,
2017,jersey-county-2017-jail-inspection.pdf,Jersey County,Stephanie Rawlings,NONCOMPLIANT,1,"701.20, 701.140, 701.130, 701.150, 701.110, 701.70",,1,,,,,1,,,,1,,1,1,1,,,,,,,,,,,,,,
2017,jo-daviess-county-2017-jail-inspection.pdf,Jo Daviess County,Michael Leathers,NONCOMPLIANT,1,701.130,,,,,,,,,,,,,1,,,,,,,,,,,,,,,,
2017,kane-county-2017-jail-inspection.pdf,Kane County,Michael Leathers,NONCOMPLIANT,1,701.290,,,,,,,,,,,,,,,,,,,,,,,,,,,,,1
2017,kendall-county-2017-jail-inspection.pdf,Kendall County,Michael Leathers,COMPLIANT,0,None,,,,,,,,,,,,,,,,,,,,,,,,,,,,,
2017,knox-county-2017-jail-inspection.pdf,Knox County,Michael Leathers,COMPLIANT,0,None,,,,,,,,,,,,,,,,,,,,,,,,,,,,,
2017,lake-county-2017-jail-inspection.pdf,Lake County,Errica Weatherspoon,NONCOMPLIANT,1,701.110,,,,,,,,,,,1,,,,,,,,,,,,,,,,,,
2017,lasalle-county-2017-jail-inspection.pdf,Lasalle County,Michael Leathers,COMPLIANT,0,None,,,,,,,,,,,,,,,,,,,,,,,,,,,,,
2017,lawrence-county-2017-jail-inspection.pdf,Lawrence County,Dianne Fritscle,NONCOMPLIANT,1,"701.130, 701.140",,,,,,,,,,,,,1,1,,,,,,,,,,,,,,,
2017,lee-county-2017-jail-inspection.pdf,Lee County,Michael Leathers,NONCOMPLIANT,1,"701.70, 701.80, 701.120, 701.130",,,,,,,1,1,,,,1,1,,,,,,,,,,,,,,,,
2017,livingston-county-2017-jail-inspection.pdf,Livingston County,Stephanie Rawlings,NONCOMPLIANT,1,701.130,,,,,,,,,,,,,1,,,,,,,,,,,,,,,,
2017,logan-county-2017-jail-inspection.pdf,Logan County,Stephanie Rawlings,NONCOMPLIANT,1,"701.130, 701.140, 701.150, 701.20",,1,,,,,,,,,,,1,1,1,,,,,,,,,,,,,,
2017,macon-county-2017-jail-inspection.pdf,Macon County,Stephanie Rawlings,COMPLIANT,0,None,,,,,,,,,,,,,,,,,,,,,,,,,,,,,
2017,macoupin-county-2017-jail-inspection.pdf,Macoupin County,Stephanie Rawlings,NONCOMPLIANT,1,"701.110, 701.130, 701.150",,,,,,,,,,,1,,1,,1,,,,,,,,,,,,,,
2017,madison-county-2017-jail-inspection.pdf,Madison County,Dianne Fritscle,COMPLIANT,0,None,,,,,,,,,,,,,,,,,,,,,,,,,,,,,
2017,marion-county-2017-jail-inspection.pdf,Marion County,Dianne Fritscle,COMPLIANT,0,None,,,,,,,,,,,,,,,,,,,,,,,,,,,,,
2017,marshall-county-2017-jail-inspection.pdf,Marshall County,Michael Leathers,COMPLIANT,0,None,,,,,,,,,,,,,,,,,,,,,,,,,,,,,
2017,mason-county-2017-jail-inspection.pdf,Mason County,Stephanie Rawlings,NONCOMPLIANT,1,"701.20, 701.140",,1,,,,,,,,,,,,1,,,,,,,,,,,,,,,
2017,massac-county-2017-jail-inspection.pdf,Massac County,Dianne Fritscle,NONCOMPLIANT,1,"701.130, 701.140",,,,,,,,,,,,,1,1,,,,,,,,,,,,,,,
2017,mcdonough-county-2017-jail-inspection.pdf,Mcdonough County,Stephanie Rawlings,NONCOMPLIANT,1,701.110,,,,,,,,,,,1,,,,,,,,,,,,,,,,,,
2017,mchenry-county-2017-jail-inspection.pdf,Mchenry County,Michael Leathers,COMPLIANT,0,None,,,,,,,,,,,,,,,,,,,,,,,,,,,,,
2017,mclean-county-2017-jail-inspection.pdf,Mclean County,Stephanie Rawlings,NONCOMPLIANT,1,701.290,,,,,,,,,,,,,,,,,,,,,,,,,,,,,1
2017,menard-county-2017-jail-inspection.pdf,Menard County,Stephanie Rawlings,NONCOMPLIANT,1,"701.80, 701.150",,,,,,,,1,,,,,,,1,,,,,,,,,,,,,,
2017,mercer-county-2017-jail-inspection.pdf,Mercer County,Michael Leathers,COMPLIANT,0,None,,,,,,,,,,,,,,,,,,,,,,,,,,,,,
2017,monroe-county-2017-jail-inspection.pdf,Monroe County,Dianne Fritscle,COMPLIANT,0,None,,,,,,,,,,,,,,,,,,,,,,,,,,,,,
2017,montgomery-county-2017-jail-inspection.pdf,Montgomery County,Stephanie Rawlings,NONCOMPLIANT,1,"701.20, 701.130, 701.160",,1,,,,,,,,,,,1,,,1,,,,,,,,,,,,,
2017,morgan-county-2017-jail-inspection.pdf,Morgan County,Stephanie Rawlings,NONCOMPLIANT,1,"701.100, 701.110, 701.130, 701.140, 701.15050, 701.40, 701.70",,,,1,,,1,,,1,1,,1,1,,,,,,,,,,,,,,,
2017,moultrie-county-2017-jail-inspection.pdf,Moultrie County,Stephanie Rawlings,NONCOMPLIANT,1,701.130,,,,,,,,,,,,,1,,,,,,,,,,,,,,,,
2017,ogle-county-2017-jail-inspection.pdf,Ogle County,Michael Leathers,NONCOMPLIANT,1,701.80,,,,,,,,1,,,,,,,,,,,,,,,,,,,,,
2017,peoria-county-2017-jail-inspection.pdf,Peoria County,Stephanie Rawlings,COMPLIANT,0,None,,,,,,,,,,,,,,,,,,,,,,,,,,,,,
2017,perry-county-2017-jail-inspection.pdf,Perry County,Dianne Fritscle,NONCOMPLIANT,1,701.130,,,,,,,,,,,,,1,,,,,,,,,,,,,,,,
2017,piatt-county-2017-jail-inspection.pdf,Piatt County,Stephanie Rawlings,NONCOMPLIANT,1,701.130,,,,,,,,,,,,,1,,,,,,,,,,,,,,,,
2017,pike-county-2017-jail-inspection.pdf,Pike County,Stephanie Rawlings,NONCOMPLIANT,1,"701.80, 701.130",,,,,,,,1,,,,,1,,,,,,,,,,,,,,,,
2017,pulaski-county-2017-jail-inspection.pdf,Pulaski County,Dianne Fritscle,COMPLIANT,0,None,,,,,,,,,,,,,,,,,,,,,,,,,,,,,
2017,putnam-county-2017-jail-inspection.pdf,Putnam County,Michael Leathers,NONCOMPLIANT,1,701.140,,,,,,,,,,,,,,1,,,,,,,,,,,,,,,
2017,randolph-county-2017-jail-inspection.pdf,Randolph County,Dianne Fritscle,NONCOMPLIANT,1,701.140,,,,,,,,,,,,,,1,,,,,,,,,,,,,,,
2017,richland-county-2017-jail-inspection.pdf,Richland County,Dianne Fritscle,COMPLIANT,0,None,,,,,,,,,,,,,,,,,,,,,,,,,,,,,
2017,rock-island-county-2017-jail-inspection.pdf,Rock Island County,Michael Leathers,COMPLIANT,0,None,,,,,,,,,,,,,,,,,,,,,,,,,,,,,
2017,saline-county-2017-jail-inspection.pdf,Saline County,Dianne Fritscle,NONCOMPLIANT,1,701.80,,,,,,,,1,,,,,,,,,,,,,,,,,,,,,
2017,sangamon-county-2017-jail-inspection.pdf,Sangamon County,Stephanie Rawlings,NONCOMPLIANT,1,"701.40, 701.80",,,,1,,,,1,,,,,,,,,,,,,,,,,,,,,
2017,schuyler-county-2017-jail-inspection.pdf,Schuyler County,Stephanie Rawlings,COMPLIANT,0,None,,,,,,,,,,,,,,,,,,,,,,,,,,,,,
2017,shelby-county-2017-jail-inspection.pdf,Shelby County,Stephanie Rawlings,COMPLIANT,0,None,,,,,,,,,,,,,,,,,,,,,,,,,,,,,
2017,st-clair-county-2017-jail-inspection.pdf,St Clair County,Dianne Fritscle,COMPLIANT,0,None,,,,,,,,,,,,,,,,,,,,,,,,,,,,,
2017,stark-county-2017-jail-inspection.pdf,Stark County,Michael Leathers,NONCOMPLIANT,1,"701.10, 701.130, 701.20, 701.250",1,1,,,,,,,,,,,1,,,,,,,,,,,,1,,,,
2017,stephenson-county-2017-jail-inspection.pdf,Stephenson County,Michael Leathers,NONCOMPLIANT,1,701.130,,,,,,,,,,,,,1,,,,,,,,,,,,,,,,
2017,tazewell-county-2017-jail-inspection.pdf,Tazewell County,Stephanie Rawlings,NONCOMPLIANT,1,701.130,,,,,,,,,,,,,1,,,,,,,,,,,,,,,,
2017,vermilion-county-2017-jail-inspection.pdf,Vermilion County,Stephanie Rawlings,NONCOMPLIANT,1,701.150,,,,,,,,,,,,,,,1,,,,,,,,,,,,,,
2017,wabash-county-2017-jail-inspection.pdf,Wabash County,Dianne Fritscle,NONCOMPLIANT,1,701.140,,,,,,,,,,,,,,1,,,,,,,,,,,,,,,
2017,warren-county-2017-jail-inspection.pdf,Warren County,Michael Leathers,COMPLIANT,0,None,,,,,,,,,,,,,,,,,,,,,,,,,,,,,
2017,washington-county-2017-jail-inspection.pdf,Washington County,Dianne Fritscle,COMPLIANT,0,None,,,,,,,,,,,,,,,,,,,,,,,,,,,,,
2017,wayne-county-2017-jail-inspection.pdf,Wayne County,Dianne Fritscle,COMPLIANT,0,None,,,,,,,,,,,,,,,,,,,,,,,,,,,,,
2017,white-county-2017-jail-inspection.pdf,White County,Dianne Fritscle,NONCOMPLIANT,1,701.80,,,,,,,,1,,,,,,,,,,,,,,,,,,,,,
2017,whiteside-county-2017-jail-inspection.pdf,Whiteside County,Michael Leathers,COMPLIANT,0,None,,,,,,,,,,,,,,,,,,,,,,,,,,,,,
2017,will-county-2017-jail-inspection.pdf,Will County,Errica Weatherspoon,COMPLIANT,0,None,,,,,,,,,,,,,,,,,,,,,,,,,,,,,
2017,williamson-county-2017-jail-inspection.pdf,Williamson County,Dianne Fritscle,COMPLIANT,0,None,,,,,,,,,,,,,,,,,,,,,,,,,,,,,
2017,winnebago-county-2017-jail-inspection.pdf,Winnebago County,Michael Leathers,NONCOMPLIANT,1,701.130,,,,,,,,,,,,,1,,,,,,,,,,,,,,,,
2017,woodford-county-2017-jail-inspection.pdf,Woodford County,Stephanie Rawlings,COMPLIANT,0,0,,,,,,,,,,,,,,,,,,,,,,,,,,,,,
2018,adams-county.pdf,Adams County,Melissa Pelker,NONCOMPLIANT,1,"701.40, 701.80, 701.120",,,,1,,,,1,,,,1,,,,,,,,,,,,,,,,,
2018,bond-county.pdf,Bond County,Dianne Fritscle,NONCOMPLIANT,1,"701.80, 701.140",,,,,,,,1,,,,,,1,,,,,,,,,,,,,,,
2018,boone-county.pdf,Boone County,Michael Leathers,COMPLIANT,0,None,,,,,,,,,,,,,,,,,,,,,,,,,,,,,
2018,bureau-county.pdf,Bureau County,Michael Leathers,NONCOMPLIANT,1,"701.120, 701.130, 701.250, 701.70, 701.80",,,,,,,1,1,,,,1,1,,,,,,,,,,,,1,,,,
2018,calhoun-county.pdf,Calhoun County,Melissa Pelker,NONCOMPLIANT,1,"701.10, 701.20, 701.40, 701.60, 701.70, 701.90, 701.100, 701.110, 701.130, 701.140, 701.200, 701.230, 701.250, 701.260",1,1,,1,,1,1,,1,1,1,,1,1,,,,,,1,,,1,,1,1,,,
2018,carroll-county.pdf,Carroll County,Michael Leathers,COMPLIANT,0,None,,,,,,,,,,,,,,,,,,,,,,,,,,,,,
2018,champaign-county.pdf,Champaign County,Melissa Pelker,COMPLIANT,0,None,,,,,,,,,,,,,,,,,,,,,,,,,,,,,
2018,christian-county.pdf,Christian County,Melissa Pelker,COMPLIANT,0,None,,,,,,,,,,,,,,,,,,,,,,,,,,,,,
2018,clark-county.pdf,Clark County,Dianne Fritscle,NONCOMPLIANT,1,701.140,,,,,,,,,,,,,,1,,,,,,,,,,,,,,,
2018,clay-county.pdf,Clay County,Dianne Fritscle,NONCOMPLIANT,1,701.140,,,,,,,,,,,,,,1,,,,,,,,,,,,,,,
2018,clinton-county.pdf,Clinton County,Dianne Fritscle,NONCOMPLIANT,1,"701.130, 701.80",,,,,,,,1,,,,,1,,,,,,,,,,,,,,,,
2018,coles-county.pdf,Coles County,Stephanie Rawlings,COMPLIANT,0,None,,,,,,,,,,,,,,,,,,,,,,,,,,,,,
2018,cook-county.pdf,Cook County,NOT FOUND,COMPLIANT,0,None,,,,,,,,,,,,,,,,,,,,,,,,,,,,,
2018,crawford-county.pdf,Crawford County,Dianne Fritscle,NONCOMPLIANT,1,701.140,,,,,,,,,,,,,,1,,,,,,,,,,,,,,,
2018,cumberland-county.pdf,Cumberland County,Dianne Fritscle,NONCOMPLIANT,1,701.140,,,,,,,,,,,,,,1,,,,,,,,,,,,,,,
2018,dekalb-county.pdf,Dekalb County,Michael Leathers,COMPLIANT,0,None,,,,,,,,,,,,,,,,,,,,,,,,,,,,,
2018,dewitt-county.pdf,Dewitt County,Stephanie Rawlings,NONCOMPLIANT,1,"701.20, 701.130",,1,,,,,,,,,,,1,,,,,,,,,,,,,,,,
2018,douglas-county.pdf,Douglas County,Stephanie Rawlings,NONCOMPLIANT,1,"701.20, 701.130",,1,,,,,,,,,,,1,,,,,,,,,,,,,,,,
2018,dupage-county.pdf,Dupage County,Errica Weatherspoon,COMPLIANT,0,None,,,,,,,,,,,,,,,,,,,,,,,,,,,,,
2018,edgar-county.pdf,Edgar County,Melissa Pelker,NONCOMPLIANT,1,"701.20, 701.40, 701.70, 701.80, 701.90, 701.120, 701.130, 701.140, 701.220, 701.260",,1,,1,,,1,1,1,,,1,1,1,,,,,,,,1,,,,1,,,
2018,effingham-county.pdf,Effingham County,Dianne Fritscle,COMPLIANT,0,None,,,,,,,,,,,,,,,,,,,,,,,,,,,,,
2018,fayette-county.pdf,Fayette County,Dianne Fritscle,COMPLIANT,0,None,,,,,,,,,,,,,,,,,,,,,,,,,,,,,
2018,ford-county.pdf,Ford County,Melissa Pelker,NONCOMPLIANT,1,701.140,,,,,,,,,,,,,,1,,,,,,,,,,,,,,,
2018,franklin-county.pdf,Franklin County,Dianne Fritscle,NONCOMPLIANT,1,701.80,,,,,,,,1,,,,,,,,,,,,,,,,,,,,,
2018,fulton-county.pdf,Fulton County,Melissa Pelker,NONCOMPLIANT,1,701.130,,,,,,,,,,,,,1,,,,,,,,,,,,,,,,
2018,greene-county.pdf,Greene County,Melissa Pelker,NONCOMPLIANT,1,701.20,,1,,,,,,,,,,,,,,,,,,,,,,,,,,,
2018,grundy-county.pdf,Grundy County,Michael Leathers,COMPLIANT,0,None,,,,,,,,,,,,,,,,,,,,,,,,,,,,,
2018,hancock-county.pdf,Hancock County,Melissa Pelker,NONCOMPLIANT,1,"701.140, 701.20, 701.30",,1,1,,,,,,,,,,,1,,,,,,,,,,,,,,,
2018,hardin-county.pdf,Hardin County,Dianne Fritscle,NONCOMPLIANT,1,701.140,,,,,,,,,,,,,,1,,,,,,,,,,,,,,,
2018,henderson-county.pdf,Henderson County,Michael Leathers,NONCOMPLIANT,1,"701.10, 701.20, 701.110, 701.130",1,1,,,,,,,,,1,,1,,,,,,,,,,,,,,,,
2018,henry-county.pdf,Henry County,Michael Leathers,NONCOMPLIANT,1,701.250,,,,,,,,,,,,,,,,,,,,,,,,,1,,,,
2018,iroquois-county.pdf,Iroquois County,Melissa Pelker,NONCOMPLIANT,1,701.20,,1,,,,,,,,,,,,,,,,,,,,,,,,,,,
2018,jackson-county.pdf,Jackson County,Dianne Fritscle,COMPLIANT,0,None,,,,,,,,,,,,,,,,,,,,,,,,,,,,,
2018,jasper-county.pdf,Jasper County,Dianne Fritscle,NONCOMPLIANT,1,701.140,,,,,,,,,,,,,,1,,,,,,,,,,,,,,,
2018,jefferson-county.pdf,Jefferson County,Dianne Fritscle,NONCOMPLIANT,1,701.130,,,,,,,,,,,,,1,,,,,,,,,,,,,,,,
2018,jerome-combs-and-kankakee-county.pdf,Jerome Combs And Kankakee County,Errica Weatherspoon,COMPLIANT,0,0,,,,,,,,,,,,,,,,,,,,,,,,,,,,,
2018,jersey-county.pdf,Jersey County,Melissa Pelker,NONCOMPLIANT,1,701.130,,,,,,,,,,,,,1,,,,,,,,,,,,,,,,
2018,jo-daviess-county.pdf,Jo Daviess County,Michael Leathers,NONCOMPLIANT,1,"701.130, 701.10",1,,,,,,,,,,,,1,,,,,,,,,,,,,,,,
2018,kane-county.pdf,Kane County,Michael Leathers,COMPLIANT,0,None,,,,,,,,,,,,,,,,,,,,,,,,,,,,,
2018,kendall-county.pdf,Kendall County,Michael Leathers,COMPLIANT,0,None,,,,,,,,,,,,,,,,,,,,,,,,,,,,,
2018,knox-county.pdf,Knox County,Michael Leathers,COMPLIANT,0,None,,,,,,,,,,,,,,,,,,,,,,,,,,,,,
2018,lake-county.pdf,Lake County,Errica Weatherspoon,COMPLIANT,0,None,,,,,,,,,,,,,,,,,,,,,,,,,,,,,
2018,lasalle-county.pdf,Lasalle County,Michael Leathers,COMPLIANT,0,None,,,,,,,,,,,,,,,,,,,,,,,,,,,,,
2018,lawrence-county.pdf,Lawrence County,Dianne Fritscle,NONCOMPLIANT,1,"701.130, 701.140",,,,,,,,,,,,,1,1,,,,,,,,,,,,,,,
2018,lee-county.pdf,Lee County,Michael Leathers,NONCOMPLIANT,1,"701.120, 701.130, 701.80",,,,,,,,1,,,,1,1,,,,,,,,,,,,,,,,
2018,livingston-county.pdf,Livingston County,Melissa Pelker,COMPLIANT,0,None,,,,,,,,,,,,,,,,,,,,,,,,,,,,,
2018,logan-county.pdf,Logan County,Melissa Pelker,COMPLIANT,0,0,,,,,,,,,,,,,,,,,,,,,,,,,,,,,
2018,macon-county.pdf,Macon County,Stephanie Rawlings,COMPLIANT,0,None,,,,,,,,,,,,,,,,,,,,,,,,,,,,,
2018,macoupin-county.pdf,Macoupin County,Melissa Pelker,COMPLIANT,0,None,,,,,,,,,,,,,,,,,,,,,,,,,,,,,
2018,madison-county.pdf,Madison County,Dianne Fritscle,NONCOMPLIANT,1,701.80,,,,,,,,1,,,,,,,,,,,,,,,,,,,,,
2018,marion-county.pdf,Marion County,Dianne Fritscle,COMPLIANT,0,None,,,,,,,,,,,,,,,,,,,,,,,,,,,,,
2018,marshall-county.pdf,Marshall County,Michael Leathers,COMPLIANT,0,None,,,,,,,,,,,,,,,,,,,,,,,,,,,,,
2018,mason-county.pdf,Mason County,Melissa Pelker,NONCOMPLIANT,1,"701.140, 701.20",,1,,,,,,,,,,,,1,,,,,,,,,,,,,,,
2018,massac-county.pdf,Massac County,Dianne Fritscle,NONCOMPLIANT,1,"701.80, 701.130, 701.140",,,,,,,,1,,,,,1,1,,,,,,,,,,,,,,,
2018,mcdonough-county.pdf,Mcdonough County,Melissa Pelker,COMPLIANT,0,None,,,,,,,,,,,,,,,,,,,,,,,,,,,,,
2018,mchenry-county.pdf,Mchenry County,Michael Leathers,NONCOMPLIANT,1,701.20,,1,,,,,,,,,,,,,,,,,,,,,,,,,,,
2018,mclean-county.pdf,Mclean County,Melissa Pelker,COMPLIANT,0,None,,,,,,,,,,,,,,,,,,,,,,,,,,,,,
2018,menard-county.pdf,Menard County,Melissa Pelker,NONCOMPLIANT,1,701.80,,,,,,,,1,,,,,,,,,,,,,,,,,,,,,
2018,mercer-county.pdf,Mercer County,Michael Leathers,COMPLIANT,0,None,,,,,,,,,,,,,,,,,,,,,,,,,,,,,
2018,monroe-county.pdf,Monroe County,Dianne Fritscle,NONCOMPLIANT,1,701.90,,,,,,,,,1,,,,,,,,,,,,,,,,,,,,
2018,montgomery-county.pdf,Montgomery County,Melissa Pelker,NONCOMPLIANT,1,701.20,,1,,,,,,,,,,,,,,,,,,,,,,,,,,,
2018,morgan-county.pdf,Morgan County,Stephanie Rawlings,NONCOMPLIANT,1,"701.110, 701.130, 701.100",,,,,,,,,,1,1,,1,,,,,,,,,,,,,,,,
2018,moultrie-county.pdf,Moultrie County,Stephanie Rawlings,NONCOMPLIANT,1,701.130,,,,,,,,,,,,,1,,,,,,,,,,,,,,,,
2018,ogle-county.pdf,Ogle County,Michael Leathers,NONCOMPLIANT,1,701.80,,,,,,,,1,,,,,,,,,,,,,,,,,,,,,
2018,peoria-county.pdf,Peoria County,Melissa Pelker,COMPLIANT,0,None,,,,,,,,,,,,,,,,,,,,,,,,,,,,,
2018,perry-county.pdf,Perry County,Dianne Fritscle,NONCOMPLIANT,1,"701.80, 701.130",,,,,,,,1,,,,,1,,,,,,,,,,,,,,,,
2018,piatt-county.pdf,Piatt County,Stephanie Rawlings,NONCOMPLIANT,1,701.130,,,,,,,,,,,,,1,,,,,,,,,,,,,,,,
2018,pike-county.pdf,Pike County,Melissa Pelker,COMPLIANT,0,None,,,,,,,,,,,,,,,,,,,,,,,,,,,,,
2018,pulaski-county.pdf,Pulaski County,Dianne Fritscle,COMPLIANT,0,None,,,,,,,,,,,,,,,,,,,,,,,,,,,,,
2018,putnam-county.pdf,Putnam County,Michael Leathers,COMPLIANT,0,None,,,,,,,,,,,,,,,,,,,,,,,,,,,,,
2018,randolph-county.pdf,Randolph County,Dianne Fritscle,NONCOMPLIANT,1,701.140,,,,,,,,,,,,,,1,,,,,,,,,,,,,,,
2018,richland-county.pdf,Richland County,Dianne Fritscle,NONCOMPLIANT,1,701.140,,,,,,,,,,,,,,1,,,,,,,,,,,,,,,
2018,rock-island-county.pdf,Rock Island County,Michael Leathers,COMPLIANT,0,None,,,,,,,,,,,,,,,,,,,,,,,,,,,,,
2018,saline-county.pdf,Saline County,Dianne Fritscle,NONCOMPLIANT,1,701.130,,,,,,,,,,,,,1,,,,,,,,,,,,,,,,
2018,sangamon-county.pdf,Sangamon County,Melissa Pelker,NONCOMPLIANT,1,"701.40, 701.80",,,,1,,,,1,,,,,,,,,,,,,,,,,,,,,
2018,schuyler-county.pdf,Schuyler County,Melissa Pelker,COMPLIANT,0,None,,,,,,,,,,,,,,,,,,,,,,,,,,,,,
2018,shelby-county.pdf,Shelby County,Melissa Pelker,NONCOMPLIANT,1,701.140,,,,,,,,,,,,,,1,,,,,,,,,,,,,,,
2018,st-clair-county.pdf,St Clair County,Dianne Fritscle,COMPLIANT,0,None,,,,,,,,,,,,,,,,,,,,,,,,,,,,,
2018,stark-county.pdf,Stark County,Michael Leathers,NONCOMPLIANT,1,"701.20, 701.130",,1,,,,,,,,,,,1,,,,,,,,,,,,,,,,
2018,stephenson-county.pdf,Stephenson County,Michael Leathers,COMPLIANT,0,None,,,,,,,,,,,,,,,,,,,,,,,,,,,,,
2018,tazewell-county.pdf,Tazewell County,Melissa Pelker,COMPLIANT,0,None,,,,,,,,,,,,,,,,,,,,,,,,,,,,,
2018,vermilion-county.pdf,Vermilion County,Melissa Pelker,COMPLIANT,0,None,,,,,,,,,,,,,,,,,,,,,,,,,,,,,
2018,wabash-county.pdf,Wabash County,Dianne Fritscle,NONCOMPLIANT,1,701.140,,,,,,,,,,,,,,1,,,,,,,,,,,,,,,
2018,warren-county.pdf,Warren County,Michael Leathers,NONCOMPLIANT,1,"701.70, 701.80, 701.120, 701.140",,,,,,,1,1,,,,1,,1,,,,,,,,,,,,,,,
2018,washington-county.pdf,Washington County,Dianne Fritscle,COMPLIANT,0,None,,,,,,,,,,,,,,,,,,,,,,,,,,,,,
2018,wayne-county.pdf,Wayne County,Dianne Fritscle,COMPLIANT,0,None,,,,,,,,,,,,,,,,,,,,,,,,,,,,,
2018,white-county.pdf,White County,Dianne Fritscle,COMPLIANT,0,None,,,,,,,,,,,,,,,,,,,,,,,,,,,,,
2018,whiteside-county.pdf,Whiteside County,Michael Leathers,COMPLIANT,0,None,,,,,,,,,,,,,,,,,,,,,,,,,,,,,
2018,will-county.pdf,Will County,Errica Weatherspoon,COMPLIANT,0,0,,,,,,,,,,,,,,,,,,,,,,,,,,,,,
2018,williamson-county.pdf,Williamson County,Dianne Fritscle,COMPLIANT,0,None,,,,,,,,,,,,,,,,,,,,,,,,,,,,,
2018,winnebago-county.pdf,Winnebago County,Michael Leathers,NONCOMPLIANT,1,701.130,,,,,,,,,,,,,1,,,,,,,,,,,,,,,,
2018,woodford-county.pdf,Woodford County,Melissa Pelker,COMPLIANT,0,None,,,,,,,,,,,,,,,,,,,,,,,,,,,,,
2019,adams-county.pdf,Adams County,Melissa Pelker,NONCOMPLIANT,1,"701.40, 701.80, 701.120",,,,1,,,,1,,,,1,,,,,,,,,,,,,,,,,
2019,bond-county.pdf,Bond County,Dianne Fritscle,NONCOMPLIANT,1,701.140,,,,,,,,,,,,,,1,,,,,,,,,,,,,,,
2019,boone-county.pdf,Boone County,Michael Leathers,COMPLIANT,0,None,,,,,,,,,,,,,,,,,,,,,,,,,,,,,
2019,bureau-county.pdf,Bureau County,Michael Leathers,COMPLIANT,0,None,,,,,,,,,,,,,,,,,,,,,,,,,,,,,
2019,calhoun-county.pdf,Calhoun County,Melissa Pelker,NONCOMPLIANT,1,"701.10, 701.20, 701.40, 701.70, 701.90, 701.100, 701.110, 701.130, 701.140, 701.200, 701.230, 701.250, 701.260",1,1,,1,,,1,,1,1,1,,1,1,,,,,,1,,,1,,1,1,,,
2019,carroll-county.pdf,Carroll County,Michael Leathers,COMPLIANT,0,None,,,,,,,,,,,,,,,,,,,,,,,,,,,,,
2019,champaign-county.pdf,Champaign County,Melissa Pelker,COMPLIANT,0,0,,,,,,,,,,,,,,,,,,,,,,,,,,,,,
2019,christian-county.pdf,Christian County,Melissa Pelker,COMPLIANT,0,None,,,,,,,,,,,,,,,,,,,,,,,,,,,,,
2019,clark-county.pdf,Clark County,Dianne Fritscle,NONCOMPLIANT,1,701.140,,,,,,,,,,,,,,1,,,,,,,,,,,,,,,
2019,clay-county.pdf,Clay County,Dianne Fritscle,NONCOMPLIANT,1,701.140,,,,,,,,,,,,,,1,,,,,,,,,,,,,,,
2019,clinton-county.pdf,Clinton County,Dianne Fritscle,NONCOMPLIANT,1,701.130,,,,,,,,,,,,,1,,,,,,,,,,,,,,,,
2019,coles-county.pdf,Coles County,Melissa Pelker,COMPLIANT,0,None,,,,,,,,,,,,,,,,,,,,,,,,,,,,,
2019,cook-county.pdf,Cook County,Errica Weatherspoon,NONCOMPLIANT,1,701.40,,,,1,,,,,,,,,,,,,,,,,,,,,,,,,
2019,crawford-county.pdf,Crawford County,Dianne Fritscle,NONCOMPLIANT,1,701.140,,,,,,,,,,,,,,1,,,,,,,,,,,,,,,
2019,cumberland-county.pdf,Cumberland County,Dianne Fritscle,NONCOMPLIANT,1,"701.90, 701.140",,,,,,,,,1,,,,,1,,,,,,,,,,,,,,,
2019,dekalb-county.pdf,Dekalb County,Michael Leathers,COMPLIANT,0,None,,,,,,,,,,,,,,,,,,,,,,,,,,,,,
2019,dewitt-county.pdf,Dewitt County,Melissa Pelker,COMPLIANT,0,None,,,,,,,,,,,,,,,,,,,,,,,,,,,,,
2019,douglas-county.pdf,Douglas County,Melissa Pelker,NONCOMPLIANT,1,"701.130, 701.140, 701.20",,1,,,,,,,,,,,1,1,,,,,,,,,,,,,,,
2019,dupage-county.pdf,Dupage County,Errica Weatherspoon,COMPLIANT,0,None,,,,,,,,,,,,,,,,,,,,,,,,,,,,,
2019,edgar-county.pdf,Edgar County,Melissa Pelker,NONCOMPLIANT,1,"701.20, 701.40 701.70, 701.80, 701.130, 701.140, 701.220, 701.260",,1,,,,,,1,,,,,1,1,,,,,,,,1,,,,1,,,
2019,effingham-county.pdf,Effingham County,Dianne Fritscle,COMPLIANT,0,None,,,,,,,,,,,,,,,,,,,,,,,,,,,,,
2019,fayette-county.pdf,Fayette County,Dianne Fritscle,COMPLIANT,0,None,,,,,,,,,,,,,,,,,,,,,,,,,,,,,
2019,ford-county.pdf,Ford County,Melissa Pelker,COMPLIANT,0,None,,,,,,,,,,,,,,,,,,,,,,,,,,,,,
2019,franklin-county.pdf,Franklin County,Dianne Fritscle,COMPLIANT,0,None,,,,,,,,,,,,,,,,,,,,,,,,,,,,,
2019,fulton-county.pdf,Fulton County,Melissa Pelker,COMPLIANT,0,None,,,,,,,,,,,,,,,,,,,,,,,,,,,,,
2019,greene-county.pdf,Greene County,Melissa Pelker,NONCOMPLIANT,1,"701.20, 701.130, 701.140",,1,,,,,,,,,,,1,1,,,,,,,,,,,,,,,
2019,grundy-county.pdf,Grundy County,Michael Leathers,COMPLIANT,0,None,,,,,,,,,,,,,,,,,,,,,,,,,,,,,
2019,hancock-county.pdf,Hancock County,Melissa Pelker,NONCOMPLIANT,1,"701.20, 701.30, 701.140",,1,1,,,,,,,,,,,1,,,,,,,,,,,,,,,
2019,hardin-county.pdf,Hardin County,Dianne Fritscle,COMPLIANT,0,None,,,,,,,,,,,,,,,,,,,,,,,,,,,,,
2019,henderson-county.pdf,Henderson County,Michael Leathers,NONCOMPLIANT,1,"701.20, 701.130, 701.120",,1,,,,,,,,,,1,1,,,,,,,,,,,,,,,,
2019,henry-county.pdf,Henry County,Michael Leathers,COMPLIANT,0,None,,,,,,,,,,,,,,,,,,,,,,,,,,,,,
2019,iroquois-county.pdf,Iroquois County,Melissa Pelker,NONCOMPLIANT,1,701.20,,1,,,,,,,,,,,,,,,,,,,,,,,,,,,
2019,jackson-county.pdf,Jackson County,Dianne Fritscle,COMPLIANT,0,None,,,,,,,,,,,,,,,,,,,,,,,,,,,,,
2019,jasper-county.pdf,Jasper County,Dianne Fritscle,NONCOMPLIANT,1,701.140,,,,,,,,,,,,,,1,,,,,,,,,,,,,,,
2019,jefferson-county.pdf,Jefferson County,Dianne Fritscle,COMPLIANT,0,None,,,,,,,,,,,,,,,,,,,,,,,,,,,,,
2019,jersey-county.pdf,Jersey County,Melissa Pelker,COMPLIANT,0,None,,,,,,,,,,,,,,,,,,,,,,,,,,,,,
2019,jodaviess-county.pdf,Jodaviess County,Michael Leathers,NONCOMPLIANT,1,"701.10, 701.130",1,,,,,,,,,,,,1,,,,,,,,,,,,,,,,
2019,kane-county.pdf,Kane County,Michael Leathers,COMPLIANT,0,0,,,,,,,,,,,,,,,,,,,,,,,,,,,,,
2019,kankakee-county.pdf,Kankakee County,Errica Weatherspoon,COMPLIANT,0,0,,,,,,,,,,,,,,,,,,,,,,,,,,,,,
2019,kendall-county.pdf,Kendall County,Michael Leathers,COMPLIANT,0,None,,,,,,,,,,,,,,,,,,,,,,,,,,,,,
2019,knox-county.pdf,Knox County,Michael Leathers,NONCOMPLIANT,1,"701.70, 701.150",,,,,,,1,,,,,,,,1,,,,,,,,,,,,,,
2019,lake-county.pdf,Lake County,Errica Weatherspoon,COMPLIANT,0,None,,,,,,,,,,,,,,,,,,,,,,,,,,,,,
2019,lasalle-county.pdf,Lasalle County,Michael Leathers,COMPLIANT,0,None,,,,,,,,,,,,,,,,,,,,,,,,,,,,,
2019,lawrence-county.pdf,Lawrence County,Dianne Fritscle,NONCOMPLIANT,1,"701.130, 701.140",,,,,,,,,,,,,1,1,,,,,,,,,,,,,,,
2019,lee-county.pdf,Lee County,Michael Leathers,NONCOMPLIANT,1,"701.80, 701.120, 701.130",,,,,,,,1,,,,1,1,,,,,,,,,,,,,,,,
2019,livingston-county.pdf,Livingston County,Melissa Pelker,COMPLIANT,0,0,,,,,,,,,,,,,,,,,,,,,,,,,,,,,
2019,logan-county.pdf,Logan County,Melissa Pelker,COMPLIANT,0,None,,,,,,,,,,,,,,,,,,,,,,,,,,,,,
2019,macon-county.pdf,Macon County,Melissa Pelker,COMPLIANT,0,0,,,,,,,,,,,,,,,,,,,,,,,,,,,,,
2019,macoupin-county.pdf,Macoupin County,Melissa Pelker,COMPLIANT,0,0,,,,,,,,,,,,,,,,,,,,,,,,,,,,,
2019,madison-county.pdf,Madison County,Dianne Fritscle,COMPLIANT,0,None,,,,,,,,,,,,,,,,,,,,,,,,,,,,,
2019,marion-county.pdf,Marion County,Dianne Fritscle,COMPLIANT,0,None,,,,,,,,,,,,,,,,,,,,,,,,,,,,,
2019,marshall-county.pdf,Marshall County,Michael Leathers,COMPLIANT,0,None,,,,,,,,,,,,,,,,,,,,,,,,,,,,,
2019,mason-county.pdf,Mason County,Melissa Pelker,NONCOMPLIANT,1,701.140,,,,,,,,,,,,,,1,,,,,,,,,,,,,,,
2019,massac-county.pdf,Massac County,Dianne Fritscle,NONCOMPLIANT,1,"701.80, 701.130, 701.140",,,,,,,,1,,,,,1,1,,,,,,,,,,,,,,,
2019,mcdonough-county.pdf,Mcdonough County,Melissa Pelker,COMPLIANT,0,None,,,,,,,,,,,,,,,,,,,,,,,,,,,,,
2019,mchenry-county.pdf,Mchenry County,Michael Leathers,COMPLIANT,0,None,,,,,,,,,,,,,,,,,,,,,,,,,,,,,
2019,mclean-county.pdf,Mclean County,Melissa Pelker,COMPLIANT,0,0,,,,,,,,,,,,,,,,,,,,,,,,,,,,,
2019,menard-county.pdf,Menard County,Melissa Pelker,NONCOMPLIANT,1,701.80,,,,,,,,1,,,,,,,,,,,,,,,,,,,,,
2019,mercer-county.pdf,Mercer County,Michael Leathers,NONCOMPLIANT,1,"701.70, 701.150",,,,,,,1,,,,,,,,1,,,,,,,,,,,,,,
2019,monroe-county.pdf,Monroe County,Dianne Fritscle,COMPLIANT,0,None,,,,,,,,,,,,,,,,,,,,,,,,,,,,,
2019,montgomery-county.pdf,Montgomery County,Melissa Pelker,NONCOMPLIANT,1,701.20,,1,,,,,,,,,,,,,,,,,,,,,,,,,,,
2019,morgan-county.pdf,Morgan County,Melissa Pelker,NONCOMPLIANT,1,"701.110, 701.100",,,,,,,,,,1,1,,,,,,,,,,,,,,,,,,
2019,moultrie-county.pdf,Moultrie County,Melissa Pelker,COMPLIANT,0,0,,,,,,,,,,,,,,,,,,,,,,,,,,,,,
2019,ogle-county.pdf,Ogle County,Michael Leathers,NONCOMPLIANT,1,701.80,,,,,,,,1,,,,,,,,,,,,,,,,,,,,,
2019,peoria-county.pdf,Peoria County,Melissa Pelker,COMPLIANT,0,None,,,,,,,,,,,,,,,,,,,,,,,,,,,,,
2019,perry-county.pdf,Perry County,Dianne Fritscle,NONCOMPLIANT,1,"701.80, 701.130, 701.150",,,,,,,,1,,,,,1,,1,,,,,,,,,,,,,,
2019,piatt-county.pdf,Piatt County,Melissa Pelker,NONCOMPLIANT,1,701.130,,,,,,,,,,,,,1,,,,,,,,,,,,,,,,
2019,pike-county.pdf,Pike County,Melissa Pelker,COMPLIANT,0,None,,,,,,,,,,,,,,,,,,,,,,,,,,,,,
2019,pulaski-county.pdf,Pulaski County,Dianne Fritscle,COMPLIANT,0,None,,,,,,,,,,,,,,,,,,,,,,,,,,,,,
2019,putnam-county.pdf,Putnam County,Michael Leathers,COMPLIANT,0,None,,,,,,,,,,,,,,,,,,,,,,,,,,,,,
2019,randolph-county.pdf,Randolph County,Dianne Fritscle,NONCOMPLIANT,1,701.80,,,,,,,,1,,,,,,,,,,,,,,,,,,,,,
2019,richland-county.pdf,Richland County,Dianne Fritscle,NONCOMPLIANT,1,701.140,,,,,,,,,,,,,,1,,,,,,,,,,,,,,,
2019,rock-island-county.pdf,Rock Island County,Michael Leathers,COMPLIANT,0,None,,,,,,,,,,,,,,,,,,,,,,,,,,,,,
2019,saline-county.pdf,Saline County,Dianne Fritscle,NONCOMPLIANT,1,701.80,,,,,,,,1,,,,,,,,,,,,,,,,,,,,,
2019,sangamon-county.pdf,Sangamon County,Melissa Pelker,NONCOMPLIANT,1,"701.40, 701.80",,,,1,,,,1,,,,,,,,,,,,,,,,,,,,,
2019,schuyler-county.pdf,Schuyler County,Melissa Pelker,COMPLIANT,0,None,,,,,,,,,,,,,,,,,,,,,,,,,,,,,
2019,shelby-county.pdf,Shelby County,Melissa Pelker,COMPLIANT,0,None,,,,,,,,,,,,,,,,,,,,,,,,,,,,,
2019,st-clair-county.pdf,St Clair County,Dianne Fritscle,COMPLIANT,0,None,,,,,,,,,,,,,,,,,,,,,,,,,,,,,
2019,stark-county.pdf,Stark County,Michael Leathers,NONCOMPLIANT,1,"701.20, 701.130, 701.150, 701.250",,1,,,,,,,,,,,1,,1,,,,,,,,,,1,,,,
2019,stephenson-county.pdf,Stephenson County,Michael Leathers,NONCOMPLIANT,1,701.130,,,,,,,,,,,,,1,,,,,,,,,,,,,,,,
2019,tazewell-county.pdf,Tazewell County,Melissa Pelker,COMPLIANT,0,None,,,,,,,,,,,,,,,,,,,,,,,,,,,,,
2019,vermilion-county.pdf,Vermilion County,Melissa Pelker,COMPLIANT,0,None,,,,,,,,,,,,,,,,,,,,,,,,,,,,,
2019,wabash-county.pdf,Wabash County,Dianne Fritscle,NONCOMPLIANT,1,701.140,,,,,,,,,,,,,,1,,,,,,,,,,,,,,,
2019,warren-county.pdf,Warren County,Michael Leathers,NONCOMPLIANT,1,"701.120, 701.80",,,,,,,,1,,,,1,,,,,,,,,,,,,,,,,
2019,washington-county.pdf,Washington County,Dianne Fritscle,COMPLIANT,0,None,,,,,,,,,,,,,,,,,,,,,,,,,,,,,
2019,wayne-county.pdf,Wayne County,Dianne Fritscle,COMPLIANT,0,None,,,,,,,,,,,,,,,,,,,,,,,,,,,,,
2019,white-county.pdf,White County,Dianne Fritscle,COMPLIANT,0,None,,,,,,,,,,,,,,,,,,,,,,,,,,,,,
2019,whiteside-county.pdf,Whiteside County,Michael Leathers,COMPLIANT,0,0,,,,,,,,,,,,,,,,,,,,,,,,,,,,,
2019,will-county.pdf,Will County,Errica Weatherspoon,COMPLIANT,0,None,,,,,,,,,,,,,,,,,,,,,,,,,,,,,
2019,williamson-county.pdf,Williamson County,Dianne Fritscle,COMPLIANT,0,None,,,,,,,,,,,,,,,,,,,,,,,,,,,,,
2019,winnebago-county.pdf,Winnebago County,Michael Leathers,COMPLIANT,0,None,,,,,,,,,,,,,,,,,,,,,,,,,,,,,
2019,woodford-county.pdf,Woodford County,Melissa Pelker,COMPLIANT,0,None,,,,,,,,,,,,,,,,,,,,,,,,,,,,,
2020,adams.pdf,Adams County,Michael Leathers,NONCOMPLIANT,1,"701.80, 701.250",,,,,,,,1,,,,,,,,,,,,,,,,,1,,,,
2020,bond.pdf,Bond County,Kathy Melvin,NONCOMPLIANT,1,701.140,,,,,,,,,,,,,,1,,,,,,,,,,,,,,,
2020,boone.pdf,Boone County,Michael Leathers,NONCOMPLIANT,1,701.250,,,,,,,,,,,,,,,,,,,,,,,,,1,,,,
2020,bureau.pdf,Bureau County,Michael Leathers,NONCOMPLIANT,1,701.250,,,,,,,,,,,,,,,,,,,,,,,,,1,,,,
2020,calhoun.pdf,Calhoun County,NOT FOUND,COMPLIANT,0,None,,,,,,,,,,,,,,,,,,,,,,,,,,,,,
2020,carroll.pdf,Carroll County,Michael Leathers,NONCOMPLIANT,1,"701.20, 701.130, 701.140, 701.250",,1,,,,,,,,,,,1,1,,,,,,,,,,,1,,,,
2020,champaign.pdf,Champaign County,Errica Weatherspoon,COMPLIANT,0,None,,,,,,,,,,,,,,,,,,,,,,,,,,,,,
2020,christian.pdf,Christian County,Bob Bowen,NONCOMPLIANT,1,"701.10, 701.90, 701.80, 701.120, 701.130",1,,,,,,,1,1,,,1,1,,,,,,,,,,,,,,,,
2020,clark.pdf,Clark County,Kathy Melvin,NONCOMPLIANT,1,701.140,,,,,,,,,,,,,,1,,,,,,,,,,,,,,,
2020,clay.pdf,Clay County,Kathy Melvin,NONCOMPLIANT,1,701.140,,,,,,,,,,,,,,1,,,,,,,,,,,,,,,
2020,clinton.pdf,Clinton County,Dianne Fritscle,NONCOMPLIANT,1,701.130,,,,,,,,,,,,,1,,,,,,,,,,,,,,,,
2020,coles.pdf,Coles County,Stephanie Rawlings,NONCOMPLIANT,1,"701.40, 701.140, 701.150, 701.20, 701.70, 701.130",,1,,1,,,1,,,,,,1,1,1,,,,,,,,,,,,,,
2020,cook.pdf,Cook County,Errica Weatherspoon,NONCOMPLIANT,1,"701.40, 701.120",,,,1,,,,,,,,1,,,,,,,,,,,,,,,,,
2020,crawford.pdf,Crawford County,Dianne Fritscle,COMPLIANT,0,None,,,,,,,,,,,,,,,,,,,,,,,,,,,,,
2020,cumberland.pdf,Cumberland County,Kathy Melvin,NONCOMPLIANT,1,701.140,,,,,,,,,,,,,,1,,,,,,,,,,,,,,,
2020,dekalb.pdf,Dekalb County,Michael Leathers,COMPLIANT,0,None,,,,,,,,,,,,,,,,,,,,,,,,,,,,,
2020,dewitt.pdf,Dewitt County,Stephanie Rawlings,NONCOMPLIANT,1,701.70,,,,,,,1,,,,,,,,,,,,,,,,,,,,,,
2020,douglas.pdf,Douglas County,Melissa Pelker,NONCOMPLIANT,1,"701.20, 701.130, 701.140",,1,,,,,,,,,,,1,1,,,,,,,,,,,,,,,
2020,dupage.pdf,Dupage County,Errica Weatherspoon,COMPLIANT,0,None,,,,,,,,,,,,,,,,,,,,,,,,,,,,,
2020,edgar.pdf,Edgar County,Bob Bowen,NONCOMPLIANT,1,701.130,,,,,,,,,,,,,1,,,,,,,,,,,,,,,,
2020,effingham.pdf,Effingham County,Kathy Melvin,COMPLIANT,0,0,,,,,,,,,,,,,,,,,,,,,,,,,,,,,
2020,fayette.pdf,Fayette County,Dianne Fritscle,COMPLIANT,0,None,,,,,,,,,,,,,,,,,,,,,,,,,,,,,
2020,ford.pdf,Ford County,Errica Weatherspoon,COMPLIANT,0,None,,,,,,,,,,,,,,,,,,,,,,,,,,,,,
2020,franklin.pdf,Franklin County,Kathy Melvin,COMPLIANT,0,None,,,,,,,,,,,,,,,,,,,,,,,,,,,,,
2020,fulton.pdf,Fulton County,Michael Leathers,NONCOMPLIANT,1,701.130,,,,,,,,,,,,,1,,,,,,,,,,,,,,,,
2020,greene.pdf,Greene County,Bob Bowen,NONCOMPLIANT,1,"701.10, 701.20, 701.70, 701.130, 701.140",1,1,,,,,1,,,,,,1,1,,,,,,,,,,,,,,,
2020,grundy.pdf,Grundy County,Michael Leathers,COMPLIANT,0,0,,,,,,,,,,,,,,,,,,,,,,,,,,,,,
2020,hancock.pdf,Hancock County,Michael Leathers,NONCOMPLIANT,1,"701.20, 701.130, 701.140, 701.250",,1,,,,,,,,,,,1,1,,,,,,,,,,,1,,,,
2020,hardin.pdf,Hardin County,Kathy Melvin,COMPLIANT,0,None,,,,,,,,,,,,,,,,,,,,,,,,,,,,,
2020,henderson.pdf,Henderson County,Michael Leathers,NONCOMPLIANT,1,"701.20, 701.130",,1,,,,,,,,,,,1,,,,,,,,,,,,,,,,
2020,henry.pdf,Henry County,Michael Leathers,COMPLIANT,0,0,,,,,,,,,,,,,,,,,,,,,,,,,,,,,
2020,iroquois.pdf,Iroquois County,Errica Weatherspoon,NONCOMPLIANT,1,701.20,,1,,,,,,,,,,,,,,,,,,,,,,,,,,,
2020,jackson.pdf,Jackson County,Kathy Melvin,COMPLIANT,0,0,,,,,,,,,,,,,,,,,,,,,,,,,,,,,
2020,jasper.pdf,Jasper County,Dianne Fritscle,NONCOMPLIANT,1,701.140,,,,,,,,,,,,,,1,,,,,,,,,,,,,,,
2020,jefferson.pdf,Jefferson County,Kathy Melvin,COMPLIANT,0,0,,,,,,,,,,,,,,,,,,,,,,,,,,,,,
2020,jersey.pdf,Jersey County,Bob Bowen,NONCOMPLIANT,1,"701.10, 701.130",1,,,,,,,,,,,,1,,,,,,,,,,,,,,,,
2020,jodaviess.pdf,Jodaviess County,Michael Leathers,NONCOMPLIANT,1,"701.20, 701.130, 701.140",,1,,,,,,,,,,,1,1,,,,,,,,,,,,,,,
2020,kane.pdf,Kane County,Michael Leathers,COMPLIANT,0,None,,,,,,,,,,,,,,,,,,,,,,,,,,,,,
2020,kankakee.pdf,Kankakee County,Errica Weatherspoon,COMPLIANT,0,None,,,,,,,,,,,,,,,,,,,,,,,,,,,,,
2020,kendall.pdf,Kendall County,Michael Leathers,COMPLIANT,0,0,,,,,,,,,,,,,,,,,,,,,,,,,,,,,
2020,knox.pdf,Knox County,Michael Leathers,NONCOMPLIANT,1,701.110,,,,,,,,,,,1,,,,,,,,,,,,,,,,,,
2020,lake.pdf,Lake County,Errica Weatherspoon,COMPLIANT,0,None,,,,,,,,,,,,,,,,,,,,,,,,,,,,,
2020,lasalle.pdf,Lasalle County,Michael Leathers,NONCOMPLIANT,1,701.250,,,,,,,,,,,,,,,,,,,,,,,,,1,,,,
2020,lawrence.pdf,Lawrence County,Kathy Melvin,NONCOMPLIANT,1,"701.130, 701.140",,,,,,,,,,,,,1,1,,,,,,,,,,,,,,,
2020,lee.pdf,Lee County,Michael Leathers,NONCOMPLIANT,1,"701.130, 701.250",,,,,,,,,,,,,1,,,,,,,,,,,,1,,,,
2020,livingston.pdf,Livingston County,Errica Weatherspoon,COMPLIANT,0,0,,,,,,,,,,,,,,,,,,,,,,,,,,,,,
2020,logan.pdf,Logan County,Bob Bowen,NONCOMPLIANT,1,"701.150, 701.70",,,,,,,1,,,,,,,,1,,,,,,,,,,,,,,
2020,macon.pdf,Macon County,Melissa Pelker,COMPLIANT,0,None,,,,,,,,,,,,,,,,,,,,,,,,,,,,,
2020,macoupin.pdf,Macoupin County,Bob Bowen,COMPLIANT,0,0,,,,,,,,,,,,,,,,,,,,,,,,,,,,,
2020,madison.pdf,Madison County,Kathy Melvin,COMPLIANT,0,0,,,,,,,,,,,,,,,,,,,,,,,,,,,,,
2020,marion.pdf,Marion County,Kathy Melvin,COMPLIANT,0,0,,,,,,,,,,,,,,,,,,,,,,,,,,,,,
2020,marshall.pdf,Marshall County,Michael Leathers,COMPLIANT,0,None,,,,,,,,,,,,,,,,,,,,,,,,,,,,,
2020,mason.pdf,Mason County,Bob Bowen,NONCOMPLIANT,1,"701.120, 701.130, 701.140, 701.70",,,,,,,1,,,,,1,1,1,,,,,,,,,,,,,,,
2020,massac.pdf,Massac County,Kathy Melvin,NONCOMPLIANT,1,"701.130, 701.140",,,,,,,,,,,,,1,1,,,,,,,,,,,,,,,
2020,mcdonough.pdf,Mcdonough County,Michael Leathers,NONCOMPLIANT,1,701.250,,,,,,,,,,,,,,,,,,,,,,,,,1,,,,
2020,mchenry.pdf,Mchenry County,Michael Leathers,COMPLIANT,0,0,,,,,,,,,,,,,,,,,,,,,,,,,,,,,
2020,mclean.pdf,Mclean County,Errica Weatherspoon,COMPLIANT,0,0,,,,,,,,,,,,,,,,,,,,,,,,,,,,,
2020,menard.pdf,Menard County,Bob Bowen,NONCOMPLIANT,1,"701.130, 701.70, 701.80, 701.150",,,,,,,1,1,,,,,1,,1,,,,,,,,,,,,,,
2020,mercer.pdf,Mercer County,Michael Leathers,NONCOMPLIANT,1,701.250,,,,,,,,,,,,,,,,,,,,,,,,,1,,,,
2020,monroe.pdf,Monroe County,Kathy Melvin,COMPLIANT,0,None,,,,,,,,,,,,,,,,,,,,,,,,,,,,,
2020,montgomery.pdf,Montgomery County,Bob Bowen,NONCOMPLIANT,1,"701.20, 701.120, 701.90, 701.40, 701.80",,1,,1,,,,1,1,,,1,,,,,,,,,,,,,,,,,
2020,morgan.pdf,Morgan County,Bob Bowen,NONCOMPLIANT,1,"701.130, 701.250",,,,,,,,,,,,,1,,,,,,,,,,,,1,,,,
2020,moultrie.pdf,Moultrie County,Melissa Pelker,COMPLIANT,0,None,,,,,,,,,,,,,,,,,,,,,,,,,,,,,
2020,ogle.pdf,Ogle County,Michael Leathers,NONCOMPLIANT,1,"701.80, 701.250",,,,,,,,1,,,,,,,,,,,,,,,,,1,,,,
2020,peoria.pdf,Peoria County,Michael Leathers,COMPLIANT,0,None,,,,,,,,,,,,,,,,,,,,,,,,,,,,,
2020,perry.pdf,Perry County,Kathy Melvin,NONCOMPLIANT,1,"701.130, 701.140, 701.150",,,,,,,,,,,,,1,1,1,,,,,,,,,,,,,,
2020,piatt.pdf,Piatt County,Melissa Pelker,COMPLIANT,0,None,,,,,,,,,,,,,,,,,,,,,,,,,,,,,
2020,pike.pdf,Pike County,Michael Leathers,NONCOMPLIANT,1,"701.10, 701.130, 701.140, 701.20, 701.250, 701.80, 701.90",1,1,,,,,,1,1,,,,1,1,,,,,,,,,,,1,,,,
2020,pulaski.pdf,Pulaski County,Kathy Melvin,COMPLIANT,0,0,,,,,,,,,,,,,,,,,,,,,,,,,,,,,
2020,putnam.pdf,Putnam County,Michael Leathers,COMPLIANT,0,None,,,,,,,,,,,,,,,,,,,,,,,,,,,,,
2020,randolph.pdf,Randolph County,Bob Bowen,NONCOMPLIANT,1,"701.130, 701.150",,,,,,,,,,,,,1,,1,,,,,,,,,,,,,,
2020,richland.pdf,Richland County,Kathy Melvin,COMPLIANT,0,None,,,,,,,,,,,,,,,,,,,,,,,,,,,,,
2020,rock-island.pdf,Rock Island County,Michael Leathers,NONCOMPLIANT,1,701.250,,,,,,,,,,,,,,,,,,,,,,,,,1,,,,
2020,saline.pdf,Saline County,Kathy Melvin,COMPLIANT,0,0,,,,,,,,,,,,,,,,,,,,,,,,,,,,,
2020,sangamon.pdf,Sangamon County,Bob Bowen,NONCOMPLIANT,1,"701.40, 701.80",,,,1,,,,1,,,,,,,,,,,,,,,,,,,,,
2020,schuyler.pdf,Schuyler County,Michael Leathers,NONCOMPLIANT,1,"701.80, 701.250",,,,,,,,1,,,,,,,,,,,,,,,,,1,,,,
2020,shelby.pdf,Shelby County,Bob Bowen,NONCOMPLIANT,1,"701.110, 701.150",,,,,,,,,,,1,,,,1,,,,,,,,,,,,,,
2020,st-clair.pdf,St Clair County,Kathy Melvin,COMPLIANT,0,None,,,,,,,,,,,,,,,,,,,,,,,,,,,,,
2020,stark.pdf,Stark County,Michael Leathers,NONCOMPLIANT,1,"701.130, 701.140, 701.20, 701.250",,1,,,,,,,,,,,1,1,,,,,,,,,,,1,,,,
2020,stephenson.pdf,Stephenson County,Michael Leathers,COMPLIANT,0,0,,,,,,,,,,,,,,,,,,,,,,,,,,,,,
2020,tazewell.pdf,Tazewell County,Errica Weatherspoon,COMPLIANT,0,None,,,,,,,,,,,,,,,,,,,,,,,,,,,,,
2020,vermilion.pdf,Vermilion County,Errica Weatherspoon,COMPLIANT,0,None,,,,,,,,,,,,,,,,,,,,,,,,,,,,,
2020,wabash.pdf,Wabash County,Kathy Melvin,NONCOMPLIANT,1,701.140,,,,,,,,,,,,,,1,,,,,,,,,,,,,,,
2020,warren.pdf,Warren County,Michael Leathers,NONCOMPLIANT,1,"701.20, 701.80, 701.120, 701.130, 701.140, 701.250",,1,,,,,,1,,,,1,1,1,,,,,,,,,,,1,,,,
2020,washington.pdf,Washington County,Dianne Fritscle,COMPLIANT,0,None,,,,,,,,,,,,,,,,,,,,,,,,,,,,,
2020,wayne.pdf,Wayne County,Kathy Melvin,COMPLIANT,0,0,,,,,,,,,,,,,,,,,,,,,,,,,,,,,
2020,white.pdf,White County,Kathy Melvin,COMPLIANT,0,0,,,,,,,,,,,,,,,,,,,,,,,,,,,,,
2020,whiteside.pdf,Whiteside County,Michael Leathers,COMPLIANT,0,None,,,,,,,,,,,,,,,,,,,,,,,,,,,,,
2020,will.pdf,Will County,Errica Weatherspoon,COMPLIANT,0,None,,,,,,,,,,,,,,,,,,,,,,,,,,,,,
2020,williamson.pdf,Williamson County,Kathy Melvin,COMPLIANT,0,0,,,,,,,,,,,,,,,,,,,,,,,,,,,,,
2020,winnebago.pdf,Winnebago County,Michael Leathers,COMPLIANT,0,None,,,,,,,,,,,,,,,,,,,,,,,,,,,,,
2020,woodford.pdf,Woodford County,Errica Weatherspoon,COMPLIANT,0,None,,,,,,,,,,,,,,,,,,,,,,,,,,,,,
2021,adams-county.pdf,Adams County,Jennifer Delaney,NONCOMPLIANT,1,701.150,,,,,,,,,,,,,,,1,,,,,,,,,,,,,,
2021,bond-county.pdf,Bond County,Kathy Melvin,NONCOMPLIANT,1,701.140,,,,,,,,,,,,,,1,,,,,,,,,,,,,,,
2021,boone-county.pdf,Boone County,Michael Leathers,COMPLIANT,0,None,,,,,,,,,,,,,,,,,,,,,,,,,,,,,
2021,bureau-county.pdf,Bureau County,Michael Leathers,NONCOMPLIANT,1,701.250,,,,,,,,,,,,,,,,,,,,,,,,,1,,,,
2021,carroll-county.pdf,Carroll County,Michael Leathers,NONCOMPLIANT,1,"701.130, 701.140, 701.20, 701.70",,1,,,,,1,,,,,,1,1,,,,,,,,,,,,,,,
2021,champaign-county.pdf,Champaign County,Jennifer Delaney,NONCOMPLIANT,1,701.250,,,,,,,,,,,,,,,,,,,,,,,,,1,,,,
2021,christian-county.pdf,Christian County,Jennifer Delaney,NONCOMPLIANT,1,701.150,,,,,,,,,,,,,,,1,,,,,,,,,,,,,,
2021,clark-county.pdf,Clark County,Kathy Melvin,NONCOMPLIANT,1,"701.130, 701.140",,,,,,,,,,,,,1,1,,,,,,,,,,,,,,,
2021,clay-county.pdf,Clay County,Kathy Melvin,NONCOMPLIANT,1,"701.130, 701.140",,,,,,,,,,,,,1,1,,,,,,,,,,,,,,,
2021,clinton-county.pdf,Clinton County,Kathy Melvin,NONCOMPLIANT,1,701.130,,,,,,,,,,,,,1,,,,,,,,,,,,,,,,
2021,coles-county.pdf,Coles County,Jennifer Delaney,NONCOMPLIANT,1,"701.120, 701.130, 701.250",,,,,,,,,,,,1,1,,,,,,,,,,,,1,,,,
2021,cook-county.pdf,Cook County,Bob Bowen,COMPLIANT,0,None,,,,,,,,,,,,,,,,,,,,,,,,,,,,,
2021,crawford-county.pdf,Crawford County,Kathy Melvin,COMPLIANT,0,0,,,,,,,,,,,,,,,,,,,,,,,,,,,,,
2021,cumberland-county.pdf,Cumberland County,Kathy Melvin,NONCOMPLIANT,1,"701.130, 701.140",,,,,,,,,,,,,1,1,,,,,,,,,,,,,,,
2021,dekalb-county.pdf,Dekalb County,Michael Leathers,COMPLIANT,0,None,,,,,,,,,,,,,,,,,,,,,,,,,,,,,
2021,dewitt-county.pdf,Dewitt County,Jennifer Delaney,NONCOMPLIANT,1,701.250,,,,,,,,,,,,,,,,,,,,,,,,,1,,,,
2021,douglas-county.pdf,Douglas County,Bob Bowen,NONCOMPLIANT,1,"701.20, 201,130, 701, 140, 701.10, 701.90, 701.250, 701.150",1,1,,,,,,,1,,,,,,1,,,,,,,,,,1,,,,
2021,dupage-county.pdf,Dupage County,Errica Weatherspoon,NONCOMPLIANT,1,701.110,,,,,,,,,,,1,,,,,,,,,,,,,,,,,,
2021,edgar-county.pdf,Edgar County,Jennifer Delaney,COMPLIANT,0,0,,,,,,,,,,,,,,,,,,,,,,,,,,,,,
2021,effingham-county.pdf,Effingham County,Kathy Melvin,NONCOMPLIANT,1,701.130,,,,,,,,,,,,,1,,,,,,,,,,,,,,,,
2021,fayette-county.pdf,Fayette County,Kathy Melvin,NONCOMPLIANT,1,701.130,,,,,,,,,,,,,1,,,,,,,,,,,,,,,,
2021,ford-county.pdf,Ford County,Jennifer Delaney,COMPLIANT,0,0,,,,,,,,,,,,,,,,,,,,,,,,,,,,,
2021,franklin-county.pdf,Franklin County,Kathy Melvin,NONCOMPLIANT,1,701.130,,,,,,,,,,,,,1,,,,,,,,,,,,,,,,
2021,fulton-county.pdf,Fulton County,Jennifer Delaney,COMPLIANT,0,0,,,,,,,,,,,,,,,,,,,,,,,,,,,,,
2021,greene-county.pdf,Greene County,Michael Leathers,NONCOMPLIANT,1,"701.10, 701.20, 701.70, 701.80, 701.90, 701.120, 701.130, 701.140, 701.250",1,1,,,,,1,1,1,,,1,1,1,,,,,,,,,,,1,,,,
2021,grundy-county.pdf,Grundy County,Michael Leathers,NONCOMPLIANT,1,701.130,,,,,,,,,,,,,1,,,,,,,,,,,,,,,,
2021,hancock-county.pdf,Hancock County,Jennifer Delaney,NONCOMPLIANT,1,"701.20, 701.130, 701.140",,1,,,,,,,,,,,1,1,,,,,,,,,,,,,,,
2021,hardin-county.pdf,Hardin County,Kathy Melvin,NONCOMPLIANT,1,701.130,,,,,,,,,,,,,1,,,,,,,,,,,,,,,,
2021,henderson-county.pdf,Henderson County,Michael Leathers,NONCOMPLIANT,1,"701.20, 701.70, 701.130",,1,,,,,1,,,,,,1,,,,,,,,,,,,,,,,
2021,henry-county.pdf,Henry County,Michael Leathers,COMPLIANT,0,None,,,,,,,,,,,,,,,,,,,,,,,,,,,,,
2021,iroquois-county.pdf,Iroquois County,Jennifer Delaney,COMPLIANT,0,0,,,,,,,,,,,,,,,,,,,,,,,,,,,,,
2021,jackson-county.pdf,Jackson County,Kathy Melvin,NONCOMPLIANT,1,701.130,,,,,,,,,,,,,1,,,,,,,,,,,,,,,,
2021,jasper-county.pdf,Jasper County,Kathy Melvin,NONCOMPLIANT,1,"701.130, 701.140",,,,,,,,,,,,,1,1,,,,,,,,,,,,,,,
2021,jefferson-county.pdf,Jefferson County,Kathy Melvin,NONCOMPLIANT,1,701.130,,,,,,,,,,,,,1,,,,,,,,,,,,,,,,
2021,jerome-combs.pdf,Jerome Combs,Errica Weatherspoon,COMPLIANT,0,None,,,,,,,,,,,,,,,,,,,,,,,,,,,,,
2021,jersey-county.pdf,Jersey County,Jennifer Delaney,COMPLIANT,0,0,,,,,,,,,,,,,,,,,,,,,,,,,,,,,
2021,jo-daviess-county.pdf,Jo Daviess County,Michael Leathers,NONCOMPLIANT,1,"701.20, 701.130, 701.140",,1,,,,,,,,,,,1,1,,,,,,,,,,,,,,,
2021,kane-county.pdf,Kane County,Michael Leathers,COMPLIANT,0,None,,,,,,,,,,,,,,,,,,,,,,,,,,,,,
2021,kankakee-county.pdf,Kankakee County,Errica Weatherspoon,COMPLIANT,0,None,,,,,,,,,,,,,,,,,,,,,,,,,,,,,
2021,kendall-county.pdf,Kendall County,Michael Leathers,COMPLIANT,0,None,,,,,,,,,,,,,,,,,,,,,,,,,,,,,
2021,knox-county.pdf,Knox County,Michael Leathers,NONCOMPLIANT,1,701.130,,,,,,,,,,,,,1,,,,,,,,,,,,,,,,
2021,lake-county.pdf,Lake County,Errica Weatherspoon,COMPLIANT,0,None,,,,,,,,,,,,,,,,,,,,,,,,,,,,,
2021,lasalle-county.pdf,Lasalle County,Michael Leathers,COMPLIANT,0,None,,,,,,,,,,,,,,,,,,,,,,,,,,,,,
2021,lawrence-county.pdf,Lawrence County,Kathy Melvin,NONCOMPLIANT,1,"701.130, 701.140",,,,,,,,,,,,,1,1,,,,,,,,,,,,,,,
2021,lee-county.pdf,Lee County,Michael Leathers,NONCOMPLIANT,1,"701.130, 701.250",,,,,,,,,,,,,1,,,,,,,,,,,,1,,,,
2021,livingston-county.pdf,Livingston County,Jennifer Delaney,COMPLIANT,0,0,,,,,,,,,,,,,,,,,,,,,,,,,,,,,
2021,logan-county.pdf,Logan County,Jennifer Delaney,NONCOMPLIANT,1,701.130,,,,,,,,,,,,,1,,,,,,,,,,,,,,,,
2021,macon-county.pdf,Macon County,Bob Bowen,COMPLIANT,0,None,,,,,,,,,,,,,,,,,,,,,,,,,,,,,
2021,macoupin-county.pdf,Macoupin County,Jennifer Delaney,COMPLIANT,0,0,,,,,,,,,,,,,,,,,,,,,,,,,,,,,
2021,madison-county.pdf,Madison County,Kathy Melvin,COMPLIANT,0,0,,,,,,,,,,,,,,,,,,,,,,,,,,,,,
2021,marion-county.pdf,Marion County,Kathy Melvin,NONCOMPLIANT,1,"701.130, 701.250",,,,,,,,,,,,,1,,,,,,,,,,,,1,,,,
2021,marshall-county.pdf,Marshall County,Michael Leathers,COMPLIANT,0,None,,,,,,,,,,,,,,,,,,,,,,,,,,,,,
2021,mason-county.pdf,Mason County,Jennifer Delaney,NONCOMPLIANT,1,"701.140, 701.70, 701.120, 701.250",,,,,,,1,,,,,1,,1,,,,,,,,,,,1,,,,
2021,massac-county.pdf,Massac County,Kathy Melvin,NONCOMPLIANT,1,"701.130, 701.140",,,,,,,,,,,,,1,1,,,,,,,,,,,,,,,
2021,mcdonough-county.pdf,Mcdonough County,Jennifer Delaney,NONCOMPLIANT,1,"701.250, 701.150",,,,,,,,,,,,,,,1,,,,,,,,,,1,,,,
2021,mchenry-county.pdf,Mchenry County,Michael Leathers,COMPLIANT,0,None,,,,,,,,,,,,,,,,,,,,,,,,,,,,,
2021,mclean-county.pdf,Mclean County,Jennifer Delaney,COMPLIANT,0,None,,,,,,,,,,,,,,,,,,,,,,,,,,,,,
2021,menard-county.pdf,Menard County,Jennifer Delaney,COMPLIANT,0,None,,,,,,,,,,,,,,,,,,,,,,,,,,,,,
2021,mercer-county.pdf,Mercer County,Michael Leathers,COMPLIANT,0,None,,,,,,,,,,,,,,,,,,,,,,,,,,,,,
2021,monroe-county.pdf,Monroe County,Kathy Melvin,NONCOMPLIANT,1,701.130,,,,,,,,,,,,,1,,,,,,,,,,,,,,,,
2021,montgomery-county.pdf,Montgomery County,Jennifer Delaney,NONCOMPLIANT,1,"701.120, 701.250",,,,,,,,,,,,1,,,,,,,,,,,,,1,,,,
2021,morgan-county.pdf,Morgan County,Jennifer Delaney,NONCOMPLIANT,1,"701.250, 701.140",,,,,,,,,,,,,,1,,,,,,,,,,,1,,,,
2021,moultrie-county.pdf,Moultrie County,Bob Bowen,NONCOMPLIANT,1,"701.10, 701.90, 701.130",1,,,,,,,,1,,,,1,,,,,,,,,,,,,,,,
2021,ogle-county.pdf,Ogle County,Michael Leathers,NONCOMPLIANT,1,701.250,,,,,,,,,,,,,,,,,,,,,,,,,1,,,,
2021,peoria-county.pdf,Peoria County,Jennifer Delaney,COMPLIANT,0,None,,,,,,,,,,,,,,,,,,,,,,,,,,,,,
2021,perry-county.pdf,Perry County,Kathy Melvin,NONCOMPLIANT,1,701.130,,,,,,,,,,,,,1,,,,,,,,,,,,,,,,
2021,piatt-county.pdf,Piatt County,Bob Bowen,NONCOMPLIANT,1,"701.10, 701.90, 701.20, 701.150",1,1,,,,,,,1,,,,,,1,,,,,,,,,,,,,,
2021,pike-county.pdf,Pike County,Jennifer Delaney,NONCOMPLIANT,1,"701.10, 701.20, 701.40, 701.70, 701.130, 701.150, 701.250",1,1,,1,,,1,,,,,,1,,1,,,,,,,,,,1,,,,
2021,pulaski-county.pdf,Pulaski County,Kathy Melvin,NONCOMPLIANT,1,701.130,,,,,,,,,,,,,1,,,,,,,,,,,,,,,,
2021,putnam-county.pdf,Putnam County,Michael Leathers,COMPLIANT,0,None,,,,,,,,,,,,,,,,,,,,,,,,,,,,,
2021,randolph-county.pdf,Randolph County,Kathy Melvin,NONCOMPLIANT,1,"701.130, 701.80",,,,,,,,1,,,,,1,,,,,,,,,,,,,,,,
2021,richland-county.pdf,Richland County,Kathy Melvin,NONCOMPLIANT,1,701.130,,,,,,,,,,,,,1,,,,,,,,,,,,,,,,
2021,rock-island-county.pdf,Rock Island County,Michael Leathers,COMPLIANT,0,None,,,,,,,,,,,,,,,,,,,,,,,,,,,,,
2021,saline-county.pdf,Saline County,Kathy Melvin,NONCOMPLIANT,1,701.130,,,,,,,,,,,,,1,,,,,,,,,,,,,,,,
2021,sangamon-county.pdf,Sangamon County,Jennifer Delaney,NONCOMPLIANT,1,"701.40, 701.80, 701.250",,,,1,,,,1,,,,,,,,,,,,,,,,,1,,,,
2021,schuyler-county.pdf,Schuyler County,Jennifer Delaney,NONCOMPLIANT,1,701.250,,,,,,,,,,,,,,,,,,,,,,,,,1,,,,
2021,shelby-county.pdf,Shelby County,Jennifer Delaney,NONCOMPLIANT,1,"701.150, 701.250",,,,,,,,,,,,,,,1,,,,,,,,,,1,,,,
2021,st-clair-county.pdf,St Clair County,Kathy Melvin,NONCOMPLIANT,1,"701.80, 701.130",,,,,,,,1,,,,,1,,,,,,,,,,,,,,,,
2021,stark-county.pdf,Stark County,Michael Leathers,NONCOMPLIANT,1,"701.20, 701.130, 701.140",,1,,,,,,,,,,,1,1,,,,,,,,,,,,,,,
2021,stephenson-county.pdf,Stephenson County,Michael Leathers,COMPLIANT,0,None,,,,,,,,,,,,,,,,,,,,,,,,,,,,,
2021,tazewell-county.pdf,Tazewell County,Jennifer Delaney,COMPLIANT,0,0,,,,,,,,,,,,,,,,,,,,,,,,,,,,,
2021,vermilion-county.pdf,Vermilion County,Jennifer Delaney,NONCOMPLIANT,1,"701.40, 701.80, 701.90, 701.120, 701.250",,,,1,,,,1,1,,,1,,,,,,,,,,,,,1,,,,
2021,wabash-county.pdf,Wabash County,Kathy Melvin,NONCOMPLIANT,1,"701.130, 701.140",,,,,,,,,,,,,1,1,,,,,,,,,,,,,,,
2021,warren-county.pdf,Warren County,Michael Leathers,COMPLIANT,0,None,,,,,,,,,,,,,,,,,,,,,,,,,,,,,
2021,washington-county.pdf,Washington County,Kathy Melvin,NONCOMPLIANT,1,701.130,,,,,,,,,,,,,1,,,,,,,,,,,,,,,,
2021,wayne-county.pdf,Wayne County,Kathy Melvin,NONCOMPLIANT,1,701.130,,,,,,,,,,,,,1,,,,,,,,,,,,,,,,
2021,white-county.pdf,White County,Kathy Melvin,NONCOMPLIANT,1,701.130,,,,,,,,,,,,,1,,,,,,,,,,,,,,,,
2021,whiteside-county.pdf,Whiteside County,Michael Leathers,COMPLIANT,0,0,,,,,,,,,,,,,,,,,,,,,,,,,,,,,
2021,will-county.pdf,Will County,Errica Weatherspoon,COMPLIANT,0,None,,,,,,,,,,,,,,,,,,,,,,,,,,,,,
2021,williamson-county.pdf,Williamson County,Kathy Melvin,NONCOMPLIANT,1,701.130,,,,,,,,,,,,,1,,,,,,,,,,,,,,,,
2021,winnebago-county.pdf,Winnebago County,Michael Leathers,COMPLIANT,0,None,,,,,,,,,,,,,,,,,,,,,,,,,,,,,
2021,woodford-county.pdf,Woodford County,Jennifer Delaney,COMPLIANT,0,0,,,,,,,,,,,,,,,,,,,,,,,,,,,,,
2022,Adams County.pdf,Adams County,Doug Brubaker,NONCOMPLIANT,1,701.130,,,,,,,,,,,,,1,,,,,,,,,,,,,,,,
2022,Bond County.pdf,Bond County,Kathy Melvin,NONCOMPLIANT,1,"701.140, 701.130, 701.20",,1,,,,,,,,,,,1,1,,,,,,,,,,,,,,,
2022,Boone County.pdf,Boone County,Sara Johnson,NONCOMPLIANT,1,701.130,,,,,,,,,,,,,1,,,,,,,,,,,,,,,,
2022,Bureau County.pdf,Bureau County,Jennifer Delaney,COMPLIANT,0,None,,,,,,,,,,,,,,,,,,,,,,,,,,,,,
2022,Carroll County.pdf,Carroll County,Jennifer Delaney,NONCOMPLIANT,1,"701.20, 701.130, 701.140, 701.70",,1,,,,,1,,,,,,1,1,,,,,,,,,,,,,,,
2022,Champaign County.pdf,Champaign County,Doug Brubaker,NONCOMPLIANT,1,701.10,1,,,,,,,,,,,,,,,,,,,,,,,,,,,,
2022,Christian County.pdf,Christian County,Doug Brubaker,COMPLIANT,0,None,,,,,,,,,,,,,,,,,,,,,,,,,,,,,
2022,Clark County.pdf,Clark County,Kathy Melvin,NONCOMPLIANT,1,"701.130, 701.140, 701.20, 701.250",,1,,,,,,,,,,,1,1,,,,,,,,,,,1,,,,
2022,Clay County.pdf,Clay County,Kathy Melvin,NONCOMPLIANT,1,"701.20, 701.130, 701.140",,1,,,,,,,,,,,1,1,,,,,,,,,,,,,,,
2022,Clinton County.pdf,Clinton County,Kathy Melvin,NONCOMPLIANT,1,"701.130, 701.250",,,,,,,,,,,,,1,,,,,,,,,,,,1,,,,
2022,Coles County.pdf,Coles County,Doug Brubaker,NONCOMPLIANT,1,"701.130, 701.250",,,,,,,,,,,,,1,,,,,,,,,,,,1,,,,
2022,Cook County.pdf,Cook County,Bob Bowen,NONCOMPLIANT,1,701.130,,,,,,,,,,,,,1,,,,,,,,,,,,,,,,
2022,Crawford County.pdf,Crawford County,Kathy Melvin,NONCOMPLIANT,1,701.130,,,,,,,,,,,,,1,,,,,,,,,,,,,,,,
2022,Cumberland County.pdf,Cumberland County,Kathy Melvin,NONCOMPLIANT,1,"701.20, 701.130, 701.140, 701.250",,1,,,,,,,,,,,1,1,,,,,,,,,,,1,,,,
2022,DeKalb County.pdf,Dekalb County,Sara Johnson,NONCOMPLIANT,1,710.130,,,,,,,,,,,,,,,,,,,,,,,,,,,,,
2022,DeWitt County.pdf,Dewitt County,Doug Brubaker,COMPLIANT,0,None,,,,,,,,,,,,,,,,,,,,,,,,,,,,,
2022,Douglas County.pdf,Douglas County,Doug Brubaker,NONCOMPLIANT,1,"701.20, 701.130, 701.140, 701.250",,1,,,,,,,,,,,1,1,,,,,,,,,,,1,,,,
2022,Dupage County.pdf,Dupage County,Bob Bowen,COMPLIANT,0,None,,,,,,,,,,,,,,,,,,,,,,,,,,,,,
2022,Edgar County.pdf,Edgar County,Doug Brubaker,COMPLIANT,0,None,,,,,,,,,,,,,,,,,,,,,,,,,,,,,
2022,Effingham County.pdf,Effingham County,Kathy Melvin,COMPLIANT,0,None,,,,,,,,,,,,,,,,,,,,,,,,,,,,,
2022,Fayette County.pdf,Fayette County,Kathy Melvin,NONCOMPLIANT,1,701.130,,,,,,,,,,,,,1,,,,,,,,,,,,,,,,
2022,Ford County.pdf,Ford County,Doug Brubaker,COMPLIANT,0,None,,,,,,,,,,,,,,,,,,,,,,,,,,,,,
2022,Franklin County.pdf,Franklin County,Kathy Melvin,NONCOMPLIANT,1,"701.80, 701.130",,,,,,,,1,,,,,1,,,,,,,,,,,,,,,,
2022,Fulton County.pdf,Fulton County,Doug Brubaker,COMPLIANT,0,None,,,,,,,,,,,,,,,,,,,,,,,,,,,,,
2022,Greene County.pdf,Greene County,Doug Brubaker,NONCOMPLIANT,1,"701.10, 701.20, 701.70, 701.90, 701.120, 701.130, 701.140",1,1,,,,,1,,1,,,1,1,1,,,,,,,,,,,,,,,
2022,Grundy County.pdf,Grundy County,Jennifer Delaney,COMPLIANT,0,None,,,,,,,,,,,,,,,,,,,,,,,,,,,,,
2022,Hancock County.pdf,Hancock County,Doug Brubaker,NONCOMPLIANT,1,"701.20, 701.70, 701.130, 701.140",,1,,,,,1,,,,,,1,1,,,,,,,,,,,,,,,
2022,Hardin County.pdf,Hardin County,Kathy Melvin,NONCOMPLIANT,1,"701.20, 701.130, 701.140",,1,,,,,,,,,,,1,1,,,,,,,,,,,,,,,
2022,Henderson County.pdf,Henderson County,Sara Johnson,NONCOMPLIANT,1,"701.10, 701.20, 701.40, 701.50, 701.70, 701.90, 701.130, 701.150, 701.250",1,1,,1,1,,1,,1,,,,1,,1,,,,,,,,,,1,,,,
2022,Henry County.pdf,Henry County,Jennifer Delaney,NONCOMPLIANT,1,701.120,,,,,,,,,,,,1,,,,,,,,,,,,,,,,,
2022,Iroquois County.pdf,Iroquois County,Doug Brubaker,COMPLIANT,0,None,,,,,,,,,,,,,,,,,,,,,,,,,,,,,
2022,Jackson County.pdf,Jackson County,Kathy Melvin,COMPLIANT,0,None,,,,,,,,,,,,,,,,,,,,,,,,,,,,,
2022,Jefferson County.pdf,Jefferson County,Kathy Melvin,COMPLIANT,0,None,,,,,,,,,,,,,,,,,,,,,,,,,,,,,
2022,Jersey County.pdf,Jersey County,Doug Brubaker,COMPLIANT,0,None,,,,,,,,,,,,,,,,,,,,,,,,,,,,,
2022,Jo Daviess County.pdf,Jo Daviess County,Jennifer Delaney,NONCOMPLIANT,1,"701.20, 701.130, 701.140",,1,,,,,,,,,,,1,1,,,,,,,,,,,,,,,
2022,Kane County.pdf,Kane County,Jennifer Delaney,COMPLIANT,0,None,,,,,,,,,,,,,,,,,,,,,,,,,,,,,
2022,Kankakee County.pdf,Kankakee County,Errica Weatherspoon,NONCOMPLIANT,1,701.130,,,,,,,,,,,,,1,,,,,,,,,,,,,,,,
2022,Kendall County.pdf,Kendall County,Jennifer Delaney,COMPLIANT,0,None,,,,,,,,,,,,,,,,,,,,,,,,,,,,,
2022,Knox County.pdf,Knox County,Jennifer Delaney,NONCOMPLIANT,1,"701.120, 701.140",,,,,,,,,,,,1,,1,,,,,,,,,,,,,,,
2022,Lake County.pdf,Lake County,Bob Bowen,NONCOMPLIANT,1,701.130,,,,,,,,,,,,,1,,,,,,,,,,,,,,,,
2022,Lasalle County.pdf,Lasalle County,Jennifer Delaney,COMPLIANT,0,None,,,,,,,,,,,,,,,,,,,,,,,,,,,,,
2022,Lawrence County.pdf,Lawrence County,Kathy Melvin,NONCOMPLIANT,1,"701.20, 701.110, 701.120, 701.130, 701.140",,1,,,,,,,,,1,1,1,1,,,,,,,,,,,,,,,
2022,Lee County.pdf,Lee County,Jennifer Delaney,NONCOMPLIANT,1,701.250,,,,,,,,,,,,,,,,,,,,,,,,,1,,,,
2022,Livingston County.pdf,Livingston County,Doug Brubaker,COMPLIANT,0,None,,,,,,,,,,,,,,,,,,,,,,,,,,,,,
2022,Logan County.pdf,Logan County,Doug Brubaker,NONCOMPLIANT,1,701.130,,,,,,,,,,,,,1,,,,,,,,,,,,,,,,
2022,Macon County.pdf,Macon County,Doug Brubaker,COMPLIANT,0,None,,,,,,,,,,,,,,,,,,,,,,,,,,,,,
2022,Macoupin County.pdf,Macoupin County,Doug Brubaker,COMPLIANT,0,None,,,,,,,,,,,,,,,,,,,,,,,,,,,,,
2022,Madison County.pdf,Madison County,Kathy Melvin,COMPLIANT,0,None,,,,,,,,,,,,,,,,,,,,,,,,,,,,,
2022,Marion County.pdf,Marion County,Kathy Melvin,NONCOMPLIANT,1,701.130,,,,,,,,,,,,,1,,,,,,,,,,,,,,,,
2022,Marshall County.pdf,Marshall County,Jennifer Delaney,NONCOMPLIANT,1,"701.20, 701.130, 701.140",,1,,,,,,,,,,,1,1,,,,,,,,,,,,,,,
2022,Mason County.pdf,Mason County,Doug Brubaker,NONCOMPLIANT,1,"701.140, 701.70",,,,,,,1,,,,,,,1,,,,,,,,,,,,,,,
2022,Massac County.pdf,Massac County,Kathy Melvin,NONCOMPLIANT,1,"701.130, 701.140, 701.80",,,,,,,,1,,,,,1,1,,,,,,,,,,,,,,,
2022,McDonough County.pdf,Mcdonough County,Doug Brubaker,NONCOMPLIANT,1,701.130,,,,,,,,,,,,,1,,,,,,,,,,,,,,,,
2022,McHenry County.pdf,Mchenry County,Jennifer Delaney,COMPLIANT,0,None,,,,,,,,,,,,,,,,,,,,,,,,,,,,,
2022,McLean County.pdf,Mclean County,Doug Brubaker,COMPLIANT,0,None,,,,,,,,,,,,,,,,,,,,,,,,,,,,,
2022,Menard County.pdf,Menard County,Doug Brubaker,COMPLIANT,0,None,,,,,,,,,,,,,,,,,,,,,,,,,,,,,
2022,Mercer County.pdf,Mercer County,Jennifer Delaney,COMPLIANT,0,None,,,,,,,,,,,,,,,,,,,,,,,,,,,,,
2022,Monroe County.pdf,Monroe County,Kathy Melvin,NONCOMPLIANT,1,701.130,,,,,,,,,,,,,1,,,,,,,,,,,,,,,,
2022,Montgomery County.pdf,Montgomery County,Doug Brubaker,NONCOMPLIANT,1,"701.120, 701.20, 701.130, 701.140",,1,,,,,,,,,,1,1,1,,,,,,,,,,,,,,,
2022,Morgan County.pdf,Morgan County,Doug Brubaker,COMPLIANT,0,None,,,,,,,,,,,,,,,,,,,,,,,,,,,,,
2022,Moultrie County.pdf,Moultrie County,Doug Brubaker,NONCOMPLIANT,1,"701.250, 701.130",,,,,,,,,,,,,1,,,,,,,,,,,,1,,,,
2022,Ogle County.pdf,Ogle County,Jennifer Delaney,NONCOMPLIANT,1,701.250,,,,,,,,,,,,,,,,,,,,,,,,,1,,,,
2022,Peoria County.pdf,Peoria County,Doug Brubaker,COMPLIANT,0,None,,,,,,,,,,,,,,,,,,,,,,,,,,,,,
2022,Perry County.pdf,Perry County,Kathy Melvin,NONCOMPLIANT,1,701.130,,,,,,,,,,,,,1,,,,,,,,,,,,,,,,
2022,Piatt County.pdf,Piatt County,Doug Brubaker,NONCOMPLIANT,1,701.130,,,,,,,,,,,,,1,,,,,,,,,,,,,,,,
2022,Pike County.pdf,Pike County,Doug Brubaker,NONCOMPLIANT,1,"701.130, 701.250",,,,,,,,,,,,,1,,,,,,,,,,,,1,,,,
2022,Pulaski County.pdf,Pulaski County,Kathy Melvin,NONCOMPLIANT,1,"701.10, 701.20",1,1,,,,,,,,,,,,,,,,,,,,,,,,,,,
2022,Putnam County.pdf,Putnam County,Jennifer Delaney,COMPLIANT,0,None,,,,,,,,,,,,,,,,,,,,,,,,,,,,,
2022,Randolph County.pdf,Randolph County,Kathy Melvin,NONCOMPLIANT,1,701.130,,,,,,,,,,,,,1,,,,,,,,,,,,,,,,
2022,Richland County.pdf,Richland County,Kathy Melvin,NONCOMPLIANT,1,701.130,,,,,,,,,,,,,1,,,,,,,,,,,,,,,,
2022,Rock Island County.pdf,Rock Island County,Jennifer Delaney,COMPLIANT,0,None,,,,,,,,,,,,,,,,,,,,,,,,,,,,,
2022,Saline County.pdf,Saline County,Kathy Melvin,NONCOMPLIANT,1,701.130,,,,,,,,,,,,,1,,,,,,,,,,,,,,,,
2022,Sangamon County.pdf,Sangamon County,Doug Brubaker,NONCOMPLIANT,1,"701.40, 701.80",,,,1,,,,1,,,,,,,,,,,,,,,,,,,,,
2022,Schuyler County.pdf,Schuyler County,Doug Brubaker,NONCOMPLIANT,1,701.250,,,,,,,,,,,,,,,,,,,,,,,,,1,,,,
2022,Shelby County.pdf,Shelby County,Doug Brubaker,COMPLIANT,0,None,,,,,,,,,,,,,,,,,,,,,,,,,,,,,
2022,St. Clair County.pdf,St. Clair County,Kathy Melvin,NONCOMPLIANT,1,"701.80, 701.130",,,,,,,,1,,,,,1,,,,,,,,,,,,,,,,
2022,Stark County.pdf,Stark County,Jennifer Delaney,NONCOMPLIANT,1,"701.130, 701.140, 701.20",,1,,,,,,,,,,,1,1,,,,,,,,,,,,,,,
2022,Stephenson County.pdf,Stephenson County,Sara Johnson,NONCOMPLIANT,1,701.130,,,,,,,,,,,,,1,,,,,,,,,,,,,,,,
2022,Tazewell County.pdf,Tazewell County,Doug Brubaker,COMPLIANT,0,None,,,,,,,,,,,,,,,,,,,,,,,,,,,,,
2022,Vermilion County.pdf,Vermilion County,Doug Brubaker,NONCOMPLIANT,1,701.130,,,,,,,,,,,,,1,,,,,,,,,,,,,,,,
2022,Wabash County.pdf,Wabash County,Kathy Melvin,NONCOMPLIANT,1,"701.20, 701.130, 701.140",,1,,,,,,,,,,,1,1,,,,,,,,,,,,,,,
2022,Warren County.pdf,Warren County,Jennifer Delaney,NONCOMPLIANT,1,"701.20, 701.130, 701.140",,1,,,,,,,,,,,1,1,,,,,,,,,,,,,,,
2022,Washington County.pdf,Washington County,Kathy Melvin,COMPLIANT,0,None,,,,,,,,,,,,,,,,,,,,,,,,,,,,,
2022,Wayne County.pdf,Wayne County,Kathy Melvin,NONCOMPLIANT,1,"701.20, 701.130, 701.140",,1,,,,,,,,,,,1,1,,,,,,,,,,,,,,,
2022,White County.pdf,White County,Kathy Melvin,COMPLIANT,0,None,,,,,,,,,,,,,,,,,,,,,,,,,,,,,
2022,Whiteside County.pdf,Whiteside County,Jennifer Delaney,NONCOMPLIANT,1,"701.10, 701.20",1,1,,,,,,,,,,,,,,,,,,,,,,,,,,,
2022,Will County.pdf,Will County,Bob Bowen,COMPLIANT,0,None,,,,,,,,,,,,,,,,,,,,,,,,,,,,,
2022,Williamson County.pdf,Williamson County,Kathy Melvin,COMPLIANT,0,None,,,,,,,,,,,,,,,,,,,,,,,,,,,,,
2022,Winnebago County.pdf,Winnebago County,Jennifer Delaney,COMPLIANT,0,None,,,,,,,,,,,,,,,,,,,,,,,,,,,,,
2022,Woodford County.pdf,Woodford County,Doug Brubaker,COMPLIANT,0,None,,,,,,,,,,,,,,,,,,,,,,,,,,,,,
2023,Adams County (1).pdf,Adams County,Bryan Stratton,COMPLIANT,0,None,,,,,,,,,,,,,,,,,,,,,,,,,,,,,
2023,Bond County.pdf,Bond County,Kathy Melvin,NONCOMPLIANT,1,"701.20, 701.130, 701.140",,1,,,,,,,,,,,1,1,,,,,,,,,,,,,,,
2023,Boone County.pdf,Boone County,Sara Johnson,COMPLIANT,0,None,,,,,,,,,,,,,,,,,,,,,,,,,,,,,
2023,Bureau County.pdf,Bureau County,Sara Johnson,NONCOMPLIANT,1,701.130,,,,,,,,,,,,,1,,,,,,,,,,,,,,,,
2023,Carroll County.pdf,Carroll County,Sara Johnson,NONCOMPLIANT,1,"701.20, 701.130, 701.140, 701.70",,1,,,,,1,,,,,,1,1,,,,,,,,,,,,,,,
2023,Champaign County.pdf,Champaign County,Bryan Stratton,COMPLIANT,0,None,,,,,,,,,,,,,,,,,,,,,,,,,,,,,
2023,Christian County.pdf,Christian County,Bob Bowen,NONCOMPLIANT,1,"701.10, 701.90, 701.140, 701.250, 701.130",1,,,,,,,,1,,,,1,1,,,,,,,,,,,1,,,,
2023,Clark County.pdf,Clark County,Kathy Melvin,NONCOMPLIANT,1,"701.130, 701.250",,,,,,,,,,,,,1,,,,,,,,,,,,1,,,,
2023,Clay County.pdf,Clay County,Kathy Melvin,NONCOMPLIANT,1,"701.20, 701.130, 701.140, 701.250",,1,,,,,,,,,,,1,1,,,,,,,,,,,1,,,,
2023,Clinton County.pdf,Clinton County,Kathy Melvin,NONCOMPLIANT,1,"701.80, 701.130, 701.250",,,,,,,,1,,,,,1,,,,,,,,,,,,1,,,,
2023,Coles County.pdf,Coles County,Kathy Melvin,COMPLIANT,0,None,,,,,,,,,,,,,,,,,,,,,,,,,,,,,
2023,Cook County.pdf,Cook County,P. Morris,NONCOMPLIANT,1,701.130,,,,,,,,,,,,,1,,,,,,,,,,,,,,,,
2023,Crawford County.pdf,Crawford County,Kathy Melvin,COMPLIANT,0,None,,,,,,,,,,,,,,,,,,,,,,,,,,,,,
2023,Cumberland County.pdf,Cumberland County,Kathy Melvin,NONCOMPLIANT,1,"701.20, 701.110, 701.130, 701.140, 701.250",,1,,,,,,,,,1,,1,1,,,,,,,,,,,1,,,,
2023,DeKalb County.pdf,Dekalb County,Sara Johnson,COMPLIANT,0,None,,,,,,,,,,,,,,,,,,,,,,,,,,,,,
2023,DeWitt County.pdf,Dewitt County,Bryan Stratton,NONCOMPLIANT,1,701.130,,,,,,,,,,,,,1,,,,,,,,,,,,,,,,
2023,Douglas County.pdf,Douglas County,Bryan Stratton,NONCOMPLIANT,1,"701.130, 701.140, 701.20, 701.250",,1,,,,,,,,,,,1,1,,,,,,,,,,,1,,,,
2023,DuPage County.pdf,Dupage County,P. Morris,COMPLIANT,0,None,,,,,,,,,,,,,,,,,,,,,,,,,,,,,
2023,Edgar County.pdf,Edgar County,Bryan Stratton,NONCOMPLIANT,1,"701.130, 701.250",,,,,,,,,,,,,1,,,,,,,,,,,,1,,,,
2023,Effingham County.pdf,Effingham County,Kathy Melvin,NONCOMPLIANT,1,701.250,,,,,,,,,,,,,,,,,,,,,,,,,1,,,,
2023,Fayette County.pdf,Fayette County,Kathy Melvin,NONCOMPLIANT,1,"701.80, 701.130",,,,,,,,1,,,,,1,,,,,,,,,,,,,,,,
2023,Ford County.pdf,Ford County,Bryan Stratton,NONCOMPLIANT,1,"701.130, 701.250",,,,,,,,,,,,,1,,,,,,,,,,,,1,,,,
2023,Franklin County.pdf,Franklin County,Kathy Melvin,NONCOMPLIANT,1,"701.80, 701.130",,,,,,,,1,,,,,1,,,,,,,,,,,,,,,,
2023,Fulton County.pdf,Fulton County,Sara Johnson,NONCOMPLIANT,1,701.70,,,,,,,1,,,,,,,,,,,,,,,,,,,,,,
2023,Greene County.pdf,Greene County,Bryan Stratton,NONCOMPLIANT,1,"701.20, 701.70, 701.120, 701.130, 701.140",,1,,,,,1,,,,,1,1,1,,,,,,,,,,,,,,,
2023,Grundy County.pdf,Grundy County,Sara Johnson,NONCOMPLIANT,1,701.130,,,,,,,,,,,,,1,,,,,,,,,,,,,,,,
2023,Hancock County.pdf,Hancock County,Bryan Stratton,NONCOMPLIANT,1,"701.10, 701.20, 701.90, 701.110, 701.130, 701.140",1,1,,,,,,,1,,1,,1,1,,,,,,,,,,,,,,,
2023,Hardin County.pdf,Hardin County,Kathy Melvin,NONCOMPLIANT,1,"701.20, 701.130, 701.140",,1,,,,,,,,,,,1,1,,,,,,,,,,,,,,,
2023,Henderson County.pdf,Henderson County,Sara Johnson,NONCOMPLIANT,1,"701.20, 701.130, 701.140",,1,,,,,,,,,,,1,1,,,,,,,,,,,,,,,
2023,Henry County.pdf,Henry County,Sara Johnson,NONCOMPLIANT,1,"701.40, 701.80",,,,1,,,,1,,,,,,,,,,,,,,,,,,,,,
2023,Iroquois County.pdf,Iroquois County,Bryan Stratton,NONCOMPLIANT,1,"701.70, 701.130, 701.270",,,,,,,1,,,,,,1,,,,,,,,,,,,,,1,,
2023,Jackson County.pdf,Jackson County,Kathy Melvin,COMPLIANT,0,None,,,,,,,,,,,,,,,,,,,,,,,,,,,,,
2023,Jasper County.pdf,Jasper County,Kathy Melvin,NONCOMPLIANT,1,"701.20, 701.130, 701.140",,1,,,,,,,,,,,1,1,,,,,,,,,,,,,,,
2023,Jefferson County.pdf,Jefferson County,Kathy Melvin,COMPLIANT,0,None,,,,,,,,,,,,,,,,,,,,,,,,,,,,,
2023,Jersey County.pdf,Jersey County,Bryan Stratton,NONCOMPLIANT,1,"701.130, 701.250",,,,,,,,,,,,,1,,,,,,,,,,,,1,,,,
2023,Jo Daviess County.pdf,Jo Daviess County,Sara Johnson,NONCOMPLIANT,1,"701.20, 701.130, 701.140",,1,,,,,,,,,,,1,1,,,,,,,,,,,,,,,
2023,Kane County.pdf,Kane County,Sara Johnson,COMPLIANT,0,None,,,,,,,,,,,,,,,,,,,,,,,,,,,,,
2023,Kankakee County.pdf,Kankakee County,P. Morris,NONCOMPLIANT,1,"701.130, 701.70, 701.270",,,,,,,1,,,,,,1,,,,,,,,,,,,,,1,,
2023,Kendall County.pdf,Kendall County,Sara Johnson,COMPLIANT,0,None,,,,,,,,,,,,,,,,,,,,,,,,,,,,,
2023,Knox County.pdf,Knox County,Sara Johnson,NONCOMPLIANT,1,"701.250, 701.130, 701.70, 701.90, 701.30",,,1,,,,1,,1,,,,1,,,,,,,,,,,,1,,,,
2023,Lake County.pdf,Lake County,P. Morris,NONCOMPLIANT,1,701.140,,,,,,,,,,,,,,1,,,,,,,,,,,,,,,
2023,Lasalle County.pdf,Lasalle County,Sara Johnson,NONCOMPLIANT,1,701.130,,,,,,,,,,,,,1,,,,,,,,,,,,,,,,
2023,Lawrence County.pdf,Lawrence County,Kathy Melvin,NONCOMPLIANT,1,"701.20, 701.130, 701.140",,1,,,,,,,,,,,1,1,,,,,,,,,,,,,,,
2023,Lee County.pdf,Lee County,Sara Johnson,NONCOMPLIANT,1,"701.130, 701.150, 701.90",,,,,,,,,1,,,,1,,1,,,,,,,,,,,,,,
2023,Livingston County.pdf,Livingston County,Sara Johnson,NONCOMPLIANT,1,"701.10, 701.130, 701.20",1,1,,,,,,,,,,,1,,,,,,,,,,,,,,,,
2023,Logan County.pdf,Logan County,Bob Bowen,NONCOMPLIANT,1,701.130,,,,,,,,,,,,,1,,,,,,,,,,,,,,,,
2023,Macon County.pdf,Macon County,Bryan Stratton,COMPLIANT,0,None,,,,,,,,,,,,,,,,,,,,,,,,,,,,,
2023,Macoupin County.pdf,Macoupin County,Kathy Melvin,NONCOMPLIANT,1,"701.130, 701.250",,,,,,,,,,,,,1,,,,,,,,,,,,1,,,,
2023,Madison County.pdf,Madison County,Kathy Melvin,COMPLIANT,0,None,,,,,,,,,,,,,,,,,,,,,,,,,,,,,
2023,Marion County.pdf,Marion County,Kathy Melvin,NONCOMPLIANT,1,"701.80, 701.130, 701.250",,,,,,,,1,,,,,1,,,,,,,,,,,,1,,,,
2023,Marshall County.pdf,Marshall County,Sara Johnson,NONCOMPLIANT,1,"701.20, 701.130, 701.140",,1,,,,,,,,,,,1,1,,,,,,,,,,,,,,,
2023,Mason County.pdf,Mason County,Bryan Stratton,NONCOMPLIANT,1,"701.20, 701.70, 701.130, 701.140",,1,,,,,1,,,,,,1,1,,,,,,,,,,,,,,,
2023,Massac County.pdf,Massac County,Kathy Melvin,NONCOMPLIANT,1,"701.130, 701.140, 701.20, 701.250",,1,,,,,,,,,,,1,1,,,,,,,,,,,1,,,,
2023,McDonough County.pdf,Mcdonough County,Bryan Stratton,NONCOMPLIANT,1,701.130,,,,,,,,,,,,,1,,,,,,,,,,,,,,,,
2023,McHenry County.pdf,Mchenry County,Sara Johnson,COMPLIANT,0,None,,,,,,,,,,,,,,,,,,,,,,,,,,,,,
2023,McLean County.pdf,Mclean County,Bryan Stratton,NONCOMPLIANT,1,701.130,,,,,,,,,,,,,1,,,,,,,,,,,,,,,,
2023,Menard County.pdf,Menard County,Bryan Stratton,NONCOMPLIANT,1,701.130,,,,,,,,,,,,,1,,,,,,,,,,,,,,,,
2023,Mercer County.pdf,Mercer County,Sara Johnson,NONCOMPLIANT,1,"701.130, 701.90, 701.150",,,,,,,,,1,,,,1,,1,,,,,,,,,,,,,,
2023,Monroe County.pdf,Monroe County,Kathy Melvin,NONCOMPLIANT,1,701.130,,,,,,,,,,,,,1,,,,,,,,,,,,,,,,
2023,Montgomery County.pdf,Montgomery County,Bryan Stratton,NONCOMPLIANT,1,"701.20, 701.130, 701.140, 701.10, 701.90",1,1,,,,,,,1,,,,1,1,,,,,,,,,,,,,,,
2023,Morgan County.pdf,Morgan County,Bryan Stratton,NONCOMPLIANT,1,701.130,,,,,,,,,,,,,1,,,,,,,,,,,,,,,,
2023,Moultrie County.pdf,Moultrie County,Bryan Stratton,NONCOMPLIANT,1,701.130,,,,,,,,,,,,,1,,,,,,,,,,,,,,,,
2023,Ogle County.pdf,Ogle County,Sara Johnson,NONCOMPLIANT,1,701.250,,,,,,,,,,,,,,,,,,,,,,,,,1,,,,
2023,Peoria County.pdf,Peoria County,Sara Johnson,NONCOMPLIANT,1,"701.90, 701.130, 701.250",,,,,,,,,1,,,,1,,,,,,,,,,,,1,,,,
2023,Perry County.pdf,Perry County,Kathy Melvin,NONCOMPLIANT,1,701.130,,,,,,,,,,,,,1,,,,,,,,,,,,,,,,
2023,Piatt County.pdf,Piatt County,Bryan Stratton,NONCOMPLIANT,1,701.130,,,,,,,,,,,,,1,,,,,,,,,,,,,,,,
2023,Pike County.pdf,Pike County,Bryan Stratton,NONCOMPLIANT,1,"701.10, 701.130, 701.150, 701.250, 701.90",1,,,,,,,,1,,,,1,,1,,,,,,,,,,1,,,,
2023,Pulaski County.pdf,Pulaski County,Kathy Melvin,COMPLIANT,0,None,,,,,,,,,,,,,,,,,,,,,,,,,,,,,
2023,Putnam County.pdf,Putnam County,Sara Johnson,NONCOMPLIANT,1,701.130,,,,,,,,,,,,,1,,,,,,,,,,,,,,,,
2023,Randolph County.pdf,Randolph County,Kathy Melvin,NONCOMPLIANT,1,701.130,,,,,,,,,,,,,1,,,,,,,,,,,,,,,,
2023,Richland County.pdf,Richland County,Kathy Melvin,COMPLIANT,0,None,,,,,,,,,,,,,,,,,,,,,,,,,,,,,
2023,Rock Island County.pdf,Rock Island County,Sara Johnson,NONCOMPLIANT,1,"701.130, 701.90",,,,,,,,,1,,,,1,,,,,,,,,,,,,,,,
2023,Saline County.pdf,Saline County,Kathy Melvin,NONCOMPLIANT,1,701.130,,,,,,,,,,,,,1,,,,,,,,,,,,,,,,
2023,Sangamon County.pdf,Sangamon County,Bryan Stratton,NONCOMPLIANT,1,701.130,,,,,,,,,,,,,1,,,,,,,,,,,,,,,,
2023,Schuyler County.pdf,Schuyler County,Bryan Stratton,NONCOMPLIANT,1,"701.20, 701.130, 701.140, 701.10, 701.90",1,1,,,,,,,1,,,,1,1,,,,,,,,,,,,,,,
2023,Shelby County.pdf,Shelby County,Kathy Melvin,NONCOMPLIANT,1,701.250,,,,,,,,,,,,,,,,,,,,,,,,,1,,,,
2023,St Clair County.pdf,St Clair County,Kathy Melvin,NONCOMPLIANT,1,"701.80, 701.130",,,,,,,,1,,,,,1,,,,,,,,,,,,,,,,
2023,Stark County.pdf,Stark County,Sara Johnson,NONCOMPLIANT,1,"701.90, 701.130, 701.150",,,,,,,,,1,,,,1,,1,,,,,,,,,,,,,,
2023,Stephenson County.pdf,Stephenson County,Sara Johnson,COMPLIANT,0,None,,,,,,,,,,,,,,,,,,,,,,,,,,,,,
2023,Tazewell County.pdf,Tazewell County,Bryan Stratton,NONCOMPLIANT,1,"701.130, 701.250",,,,,,,,,,,,,1,,,,,,,,,,,,1,,,,
2023,Vermilion County.pdf,Vermilion County,Bryan Stratton,NONCOMPLIANT,1,701.130,,,,,,,,,,,,,1,,,,,,,,,,,,,,,,
2023,Wabash County.pdf,Wabash County,Kathy Melvin,NONCOMPLIANT,1,"701.20, 701.130, 701.140, 701.250",,1,,,,,,,,,,,1,1,,,,,,,,,,,1,,,,
2023,Warren County.pdf,Warren County,Sara Johnson,NONCOMPLIANT,1,"701.20, 701.90, 701.130, 701.140",,1,,,,,,,1,,,,1,1,,,,,,,,,,,,,,,
2023,Washington County.pdf,Washington County,Kathy Melvin,NONCOMPLIANT,1,701.250,,,,,,,,,,,,,,,,,,,,,,,,,1,,,,
2023,Wayne County.pdf,Wayne County,Kathy Melvin,COMPLIANT,0,None,,,,,,,,,,,,,,,,,,,,,,,,,,,,,
2023,White County.pdf,White County,Kathy Melvin,COMPLIANT,0,None,,,,,,,,,,,,,,,,,,,,,,,,,,,,,
2023,Whiteside County.pdf,Whiteside County,Sara Johnson,NONCOMPLIANT,1,701.130,,,,,,,,,,,,,1,,,,,,,,,,,,,,,,
2023,Will County.pdf,Will County,P. Morris,NONCOMPLIANT,1,701.130,,,,,,,,,,,,,1,,,,,,,,,,,,,,,,
2023,Williamson County.pdf,Williamson County,Kathy Melvin,NONCOMPLIANT,1,701.130,,,,,,,,,,,,,1,,,,,,,,,,,,,,,,
2023,Winnebago County.pdf,Winnebago County,Sara Johnson,COMPLIANT,0,None,,,,,,,,,,,,,,,,,,,,,,,,,,,,,
2023,Woodford County.pdf,Woodford County,Sara Johnson,NONCOMPLIANT,1,701.90,,,,,,,,,1,,,,,,,,,,,,,,,,,,,,
2024,Adams County.pdf,Adams County,Bryan Stratton,NONCOMPLIANT,1,701.130,,,,,,,,,,,,,1,,,,,,,,,,,,,,,,
2024,Bond County.pdf,Bond County,Kathy Melvin,NONCOMPLIANT,1,"701.130, 701.140, 701.20",,1,,,,,,,,,,,1,1,,,,,,,,,,,,,,,
2024,Boone County.pdf,Boone County,Sara Johnson,COMPLIANT,0,None,,,,,,,,,,,,,,,,,,,,,,,,,,,,,
2024,Bureau County.pdf,Bureau County,Sara Johnson,COMPLIANT,0,None,,,,,,,,,,,,,,,,,,,,,,,,,,,,,
2024,Carroll County.pdf,Carroll County,Sara Johnson,NONCOMPLIANT,1,701.70,,,,,,,1,,,,,,,,,,,,,,,,,,,,,,
2024,Champaign County.pdf,Champaign County,Bryan Stratton,COMPLIANT,0,None,,,,,,,,,,,,,,,,,,,,,,,,,,,,,
2024,Christian County.pdf,Christian County,Bryan Stratton,NONCOMPLIANT,1,701.130,,,,,,,,,,,,,1,,,,,,,,,,,,,,,,
2024,Clark County.pdf,Clark County,Kathy Melvin,NONCOMPLIANT,1,701.130,,,,,,,,,,,,,1,,,,,,,,,,,,,,,,
2024,Clay County.pdf,Clay County,Kathy Melvin,NONCOMPLIANT,1,"701.130, 701.140, 701.20",,1,,,,,,,,,,,1,1,,,,,,,,,,,,,,,
2024,Clinton County.pdf,Clinton County,Kathy Melvin,NONCOMPLIANT,1,"701.30, 701.130, 701.250",,,1,,,,,,,,,,1,,,,,,,,,,,,1,,,,
2024,Coles County.pdf,Coles County,Bryan Stratton,COMPLIANT,0,None,,,,,,,,,,,,,,,,,,,,,,,,,,,,,
2024,Cook County.pdf,Cook County,P. Morris,NONCOMPLIANT,1,"701.30, 701.130",,,1,,,,,,,,,,1,,,,,,,,,,,,,,,,
2024,Crawford County.pdf,Crawford County,Kathy Melvin,NONCOMPLIANT,1,"701.10, 701.110, 701.130, 701.180, 701.250, 701.270, 701.280",1,,,,,,,,,,1,,1,,,,,1,,,,,,,1,,1,1,
2024,Cumberland County.pdf,Cumberland County,Kathy Melvin,NONCOMPLIANT,1,"701.130, 701.140, 701.20, 701.250",,1,,,,,,,,,,,1,1,,,,,,,,,,,1,,,,
2024,DeKalb County.pdf,Dekalb County,Sara Johnson,COMPLIANT,0,None,,,,,,,,,,,,,,,,,,,,,,,,,,,,,
2024,DeWitt County.pdf,Dewitt County,Bryan Stratton,NONCOMPLIANT,1,701.130,,,,,,,,,,,,,1,,,,,,,,,,,,,,,,
2024,Douglas County.pdf,Douglas County,Bryan Stratton,NONCOMPLIANT,1,"701.20, 701.130, 701.140, 701.250",,1,,,,,,,,,,,1,1,,,,,,,,,,,1,,,,
2024,DuPage County.pdf,Dupage County,P. Morris,COMPLIANT,0,None,,,,,,,,,,,,,,,,,,,,,,,,,,,,,
2024,Edgar County.pdf,Edgar County,Bryan Stratton,NONCOMPLIANT,1,"701.130, 701.250",,,,,,,,,,,,,1,,,,,,,,,,,,1,,,,
2024,Effingham County.pdf,Effingham County,Kathy Melvin,COMPLIANT,0,None,,,,,,,,,,,,,,,,,,,,,,,,,,,,,
2024,Fayette County.pdf,Fayette County,Kathy Melvin,NONCOMPLIANT,1,"701.30, 701.130, 701.140, 701.250",,,1,,,,,,,,,,1,1,,,,,,,,,,,1,,,,
2024,Ford County.pdf,Ford County,Bryan Stratton,NONCOMPLIANT,1,701.250,,,,,,,,,,,,,,,,,,,,,,,,,1,,,,
2024,Franklin County.pdf,Franklin County,Kathy Melvin,NONCOMPLIANT,1,701.130,,,,,,,,,,,,,1,,,,,,,,,,,,,,,,
2024,Fulton County.pdf,Fulton County,Bryan Stratton,COMPLIANT,0,None,,,,,,,,,,,,,,,,,,,,,,,,,,,,,
2024,Greene County.pdf,Greene County,Bryan Stratton,NONCOMPLIANT,1,"701.20, 701.130, 701.140",,1,,,,,,,,,,,1,1,,,,,,,,,,,,,,,
2024,Grundy County.pdf,Grundy County,Sara Johnson,COMPLIANT,0,None,,,,,,,,,,,,,,,,,,,,,,,,,,,,,
2024,Hancock County.pdf,Hancock County,Bryan Stratton,NONCOMPLIANT,1,"701.130, 701.140, 701.20",,1,,,,,,,,,,,1,1,,,,,,,,,,,,,,,
2024,Hardin County.pdf,Hardin County,Kathy Melvin,NONCOMPLIANT,1,"701.20, 701.130, 701.140",,1,,,,,,,,,,,1,1,,,,,,,,,,,,,,,
2024,Henderson County.pdf,Henderson County,Sara Johnson,COMPLIANT,0,None,,,,,,,,,,,,,,,,,,,,,,,,,,,,,
2024,Henry County.pdf,Henry County,Sara Johnson,NONCOMPLIANT,1,701.130,,,,,,,,,,,,,1,,,,,,,,,,,,,,,,
2024,Iroquois County.pdf,Iroquois County,Bryan Stratton,NONCOMPLIANT,1,701.130,,,,,,,,,,,,,1,,,,,,,,,,,,,,,,
2024,Jackson County.pdf,Jackson County,Kathy Melvin,COMPLIANT,0,None,,,,,,,,,,,,,,,,,,,,,,,,,,,,,
2024,Jasper County.pdf,Jasper County,Kathy Melvin,NONCOMPLIANT,1,"701.20, 701.130, 701.140",,1,,,,,,,,,,,1,1,,,,,,,,,,,,,,,
2024,Jefferson County.pdf,Jefferson County,Kathy Melvin,COMPLIANT,0,None,,,,,,,,,,,,,,,,,,,,,,,,,,,,,
2024,Jersey County.pdf,Jersey County,Bryan Stratton,NONCOMPLIANT,1,701.250,,,,,,,,,,,,,,,,,,,,,,,,,1,,,,
2024,Jo Daviess County.pdf,Jo Daviess County,Sara Johnson,NONCOMPLIANT,1,"701.20, 701.130, 701.140",,1,,,,,,,,,,,1,1,,,,,,,,,,,,,,,
2024,Kane County.pdf,Kane County,Sara Johnson,COMPLIANT,0,None,,,,,,,,,,,,,,,,,,,,,,,,,,,,,
2024,Kankakee County.pdf,Kankakee County,P. Morris,NONCOMPLIANT,1,701.130,,,,,,,,,,,,,1,,,,,,,,,,,,,,,,
2024,Kendall County.pdf,Kendall County,Sara Johnson,COMPLIANT,0,None,,,,,,,,,,,,,,,,,,,,,,,,,,,,,
2024,Knox County.pdf,Knox County,Sara Johnson,NONCOMPLIANT,1,"701.130, 701.250",,,,,,,,,,,,,1,,,,,,,,,,,,1,,,,
2024,LaSalle County.pdf,Lasalle County,Sara Johnson,COMPLIANT,0,None,,,,,,,,,,,,,,,,,,,,,,,,,,,,,
2024,Lake County.pdf,Lake County,P. Morris,COMPLIANT,0,None,,,,,,,,,,,,,,,,,,,,,,,,,,,,,
2024,Lawrence County.pdf,Lawrence County,Kathy Melvin,NONCOMPLIANT,1,"701.10, 701.20, 701.80, 701.90, 701.130, 701.140, 701.150, 701.250",1,1,,,,,,1,1,,,,1,1,1,,,,,,,,,,1,,,,
2024,Lee County.pdf,Lee County,Sara Johnson,NONCOMPLIANT,1,"701.90, 701.130",,,,,,,,,1,,,,1,,,,,,,,,,,,,,,,
2024,Livingston County.pdf,Livingston County,Bryan Stratton,COMPLIANT,0,None,,,,,,,,,,,,,,,,,,,,,,,,,,,,,
2024,Logan County.pdf,Logan County,Bryan Stratton,NONCOMPLIANT,1,"701.130, 701.120",,,,,,,,,,,,1,1,,,,,,,,,,,,,,,,
2024,Macon County.pdf,Macon County,Bryan Stratton,COMPLIANT,0,None,,,,,,,,,,,,,,,,,,,,,,,,,,,,,
2024,Macoupin County.pdf,Macoupin County,Bryan Stratton,NONCOMPLIANT,1,701.250,,,,,,,,,,,,,,,,,,,,,,,,,1,,,,
2024,Madison County.pdf,Madison County,Kathy Melvin,NONCOMPLIANT,1,701.130,,,,,,,,,,,,,1,,,,,,,,,,,,,,,,
2024,Marion County.pdf,Marion County,Kathy Melvin,NONCOMPLIANT,1,"701.130, 701.250",,,,,,,,,,,,,1,,,,,,,,,,,,1,,,,
2024,Marshall County.pdf,Marshall County,Sara Johnson,NONCOMPLIANT,1,"701.20, 701.130, 701.140",,1,,,,,,,,,,,1,1,,,,,,,,,,,,,,,
2024,Mason County.pdf,Mason County,Bryan Stratton,NONCOMPLIANT,1,"701.20, 701.70, 701.130, 701.140",,1,,,,,1,,,,,,1,1,,,,,,,,,,,,,,,
2024,Massac County.pdf,Massac County,Kathy Melvin,NONCOMPLIANT,1,"701.20, 701.130, 701.140, 701.250",,1,,,,,,,,,,,1,1,,,,,,,,,,,1,,,,
2024,McDonough County.pdf,Mcdonough County,Bryan Stratton,COMPLIANT,0,None,,,,,,,,,,,,,,,,,,,,,,,,,,,,,
2024,McHenry County.pdf,Mchenry County,Sara Johnson,COMPLIANT,0,None,,,,,,,,,,,,,,,,,,,,,,,,,,,,,
2024,McLean County.pdf,Mclean County,Bryan Stratton,COMPLIANT,0,None,,,,,,,,,,,,,,,,,,,,,,,,,,,,,
2024,Menard County.pdf,Menard County,Bryan Stratton,NONCOMPLIANT,1,701.250,,,,,,,,,,,,,,,,,,,,,,,,,1,,,,
2024,Mercer County.pdf,Mercer County,Sara Johnson,NONCOMPLIANT,1,701.130,,,,,,,,,,,,,1,,,,,,,,,,,,,,,,
2024,Monroe County.pdf,Monroe County,Kathy Melvin,NONCOMPLIANT,1,701.130,,,,,,,,,,,,,1,,,,,,,,,,,,,,,,
2024,Montgomery County.pdf,Montgomery County,Bryan Stratton,NONCOMPLIANT,1,"701.20, 701.40, 701.80, 701.120, 701.130, 701.140",,1,,1,,,,1,,,,1,1,1,,,,,,,,,,,,,,,
2024,Morgan County.pdf,Morgan County,Bryan Stratton,NONCOMPLIANT,1,"701.90, 701.130",,,,,,,,,1,,,,1,,,,,,,,,,,,,,,,
2024,Moultrie County.pdf,Moultrie County,Bryan Stratton,NONCOMPLIANT,1,701.70,,,,,,,1,,,,,,,,,,,,,,,,,,,,,,
2024,Ogle County.pdf,Ogle County,Sara Johnson,NONCOMPLIANT,1,"701.250, 701.150",,,,,,,,,,,,,,,1,,,,,,,,,,1,,,,
2024,Peoria County.pdf,Peoria County,Bryan Stratton,NONCOMPLIANT,1,"701.120, 701.130, 701.90",,,,,,,,,1,,,1,1,,,,,,,,,,,,,,,,
2024,Perry County.pdf,Perry County,Kathy Melvin,NONCOMPLIANT,1,"701.110, 701.130",,,,,,,,,,,1,,1,,,,,,,,,,,,,,,,
2024,Piatt County.pdf,Piatt County,Bryan Stratton,COMPLIANT,0,None,,,,,,,,,,,,,,,,,,,,,,,,,,,,,
2024,Pike County.pdf,Pike County,Bryan Stratton,NONCOMPLIANT,1,"701.10, 701.20, 701.40, 701.90, 701.130, 701.140, 701.250",1,1,,1,,,,,1,,,,1,1,,,,,,,,,,,1,,,,
2024,Pulaski County.pdf,Pulaski County,Kathy Melvin,NONCOMPLIANT,1,"701.40, 701.70, 701.80",,,,1,,,1,1,,,,,,,,,,,,,,,,,,,,,
2024,Putnam County.pdf,Putnam County,Sara Johnson,COMPLIANT,0,None,,,,,,,,,,,,,,,,,,,,,,,,,,,,,
2024,Randolph County.pdf,Randolph County,Kathy Melvin,COMPLIANT,0,None,,,,,,,,,,,,,,,,,,,,,,,,,,,,,
2024,Richland County.pdf,Richland County,Kathy Melvin,NONCOMPLIANT,1,"701.110, 701.250",,,,,,,,,,,1,,,,,,,,,,,,,,1,,,,
2024,Rock Island County.pdf,Rock Island County,Sara Johnson,NONCOMPLIANT,1,701.130,,,,,,,,,,,,,1,,,,,,,,,,,,,,,,
2024,Saline County.pdf,Saline County,Kathy Melvin,NONCOMPLIANT,1,701.130,,,,,,,,,,,,,1,,,,,,,,,,,,,,,,
2024,Sangamon County.pdf,Sangamon County,Bryan Stratton,NONCOMPLIANT,1,701.130,,,,,,,,,,,,,1,,,,,,,,,,,,,,,,
2024,Schuyler County.pdf,Schuyler County,Bryan Stratton,NONCOMPLIANT,1,701.130,,,,,,,,,,,,,1,,,,,,,,,,,,,,,,
2024,Shelby County.pdf,Shelby County,Bryan Stratton,NONCOMPLIANT,1,"701.110, 701.250, 701.270",,,,,,,,,,,1,,,,,,,,,,,,,,1,,1,,
2024,St. Clair County.pdf,St. Clair County,Kathy Melvin,NONCOMPLIANT,1,"701.80, 701.130",,,,,,,,1,,,,,1,,,,,,,,,,,,,,,,
2024,Stephenson.pdf,Stephenson County,Sara Johnson,COMPLIANT,0,None,,,,,,,,,,,,,,,,,,,,,,,,,,,,,
2024,Tazewell County.pdf,Tazewell County,Bryan Stratton,COMPLIANT,0,None,,,,,,,,,,,,,,,,,,,,,,,,,,,,,
2024,Vermilion County.pdf,Vermilion County,Bryan Stratton,NONCOMPLIANT,1,701.130,,,,,,,,,,,,,1,,,,,,,,,,,,,,,,
2024,Wabash County.pdf,Wabash County,Kathy Melvin,NONCOMPLIANT,1,"701.130, 701.140, 701.20, 701.250",,1,,,,,,,,,,,1,1,,,,,,,,,,,1,,,,
2024,Warren County.pdf,Warren County,Sara Johnson,NONCOMPLIANT,1,"701.20, 701.130, 701.140",,1,,,,,,,,,,,1,1,,,,,,,,,,,,,,,
2024,Washington County.pdf,Washington County,Kathy Melvin,NONCOMPLIANT,1,701.250,,,,,,,,,,,,,,,,,,,,,,,,,1,,,,
2024,Wayne County.pdf,Wayne County,Kathy Melvin,COMPLIANT,0,None,,,,,,,,,,,,,,,,,,,,,,,,,,,,,
2024,White County.pdf,White County,Kathy Melvin,NONCOMPLIANT,1,"701.90, 701.130",,,,,,,,,1,,,,1,,,,,,,,,,,,,,,,
2024,Whiteside County.pdf,Whiteside County,Sara Johnson,COMPLIANT,0,None,,,,,,,,,,,,,,,,,,,,,,,,,,,,,
2024,Will County.pdf,Will County,P. Morris,NONCOMPLIANT,1,701.130,,,,,,,,,,,,,1,,,,,,,,,,,,,,,,
2024,Williamson County.pdf,Williamson County,Kathy Melvin,NONCOMPLIANT,1,"701.130, 701.250",,,,,,,,,,,,,1,,,,,,,,,,,,1,,,,
2024,Winnebago County.pdf,Winnebago County,Sara Johnson,NONCOMPLIANT,1,701.130,,,,,,,,,,,,,1,,,,,,,,,,,,,,,,
2024,Woodford County.pdf,Woodford County,Bryan Stratton,COMPLIANT,0,None,,,,,,,,,,,,,,,,,,,,,,,,,,,,,
2025,Adams County.pdf,Adams County,Bryan Stratton,COMPLIANT,0,None,,,,,,,,,,,,,,,,,,,,,,,,,,,,,
2025,Bond County.pdf,Bond County,Kathy Melvin,NONCOMPLIANT,1,"701.130, 701.140, 701.20",,1,,,,,,,,,,,1,1,,,,,,,,,,,,,,,
2025,Boone County.pdf,Boone County,Sara Johnson,COMPLIANT,0,None,,,,,,,,,,,,,,,,,,,,,,,,,,,,,
2025,Bureau County.pdf,Bureau County,Sara Johnson,COMPLIANT,0,None,,,,,,,,,,,,,,,,,,,,,,,,,,,,,
2025,Carroll County.pdf,Carroll County,Sara Johnson,NONCOMPLIANT,1,701.70,,,,,,,1,,,,,,,,,,,,,,,,,,,,,,
2025,Champaign County.pdf,Champaign County,Bryan Stratton,COMPLIANT,0,None,,,,,,,,,,,,,,,,,,,,,,,,,,,,,
2025,Christian County.pdf,Christian County,Bryan Stratton,NONCOMPLIANT,1,701.130,,,,,,,,,,,,,1,,,,,,,,,,,,,,,,
2025,Clark County.pdf,Clark County,Kathy Melvin,NONCOMPLIANT,1,"701.130, 701.140, 701.20",,1,,,,,,,,,,,1,1,,,,,,,,,,,,,,,
2025,Clay County.pdf,Clay County,Kathy Melvin,NONCOMPLIANT,1,"701.130, 701.140, 701.20",,1,,,,,,,,,,,1,1,,,,,,,,,,,,,,,
2025,Clinton County.pdf,Clinton County,Kathy Melvin,NONCOMPLIANT,1,701.130,,,,,,,,,,,,,1,,,,,,,,,,,,,,,,
2025,Coles County.pdf,Coles County,Bryan Stratton,COMPLIANT,0,None,,,,,,,,,,,,,,,,,,,,,,,,,,,,,
2025,Cook County.pdf,Cook County,P. Morris,NONCOMPLIANT,1,"701.30, 701.40, 701.120, 701.130, 701.140, 701.250",,,1,1,,,,,,,,1,1,1,,,,,,,,,,,1,,,,
2025,Crawford County.pdf,Crawford County,Kathy Melvin,NONCOMPLIANT,1,"701.30, 701.130, 701.250",,,1,,,,,,,,,,1,,,,,,,,,,,,1,,,,
2025,Cumberland County.pdf,Cumberland County,Kathy Melvin,NONCOMPLIANT,1,"701.130, 701.140, 701.20",,1,,,,,,,,,,,1,1,,,,,,,,,,,,,,,
2025,DeKalb County.pdf,Dekalb County,Sara Johnson,COMPLIANT,0,None,,,,,,,,,,,,,,,,,,,,,,,,,,,,,
2025,DeWitt County.pdf,Dewitt County,Bryan Stratton,NONCOMPLIANT,1,"701.20, 701.130, 701.140",,1,,,,,,,,,,,1,1,,,,,,,,,,,,,,,
2025,Douglas County.pdf,Douglas County,Jennifer Stout,NONCOMPLIANT,1,"701.20, 701.130, 701.140",,1,,,,,,,,,,,1,1,,,,,,,,,,,,,,,
2025,DuPage County.pdf,Dupage County,P. Morris,COMPLIANT,0,None,,,,,,,,,,,,,,,,,,,,,,,,,,,,,
2025,Edgar County.pdf,Edgar County,Bryan Stratton,NONCOMPLIANT,1,701.90,,,,,,,,,1,,,,,,,,,,,,,,,,,,,,
2025,Effingham County.pdf,Effingham County,Kathy Melvin,COMPLIANT,0,None,,,,,,,,,,,,,,,,,,,,,,,,,,,,,
2025,Fayette County.pdf,Fayette County,Kathy Melvin,NONCOMPLIANT,1,"701.130, 701.80",,,,,,,,1,,,,,1,,,,,,,,,,,,,,,,
2025,Ford County.pdf,Ford County,Bryan Stratton,NONCOMPLIANT,1,"701.70, 701.120, 701.250",,,,,,,1,,,,,1,,,,,,,,,,,,,1,,,,
2025,Franklin County.pdf,Franklin County,Kathy Melvin,NONCOMPLIANT,1,701.130,,,,,,,,,,,,,1,,,,,,,,,,,,,,,,
2025,Fulton County.pdf,Fulton County,Sara Johnson,NONCOMPLIANT,1,701.250,,,,,,,,,,,,,,,,,,,,,,,,,1,,,,
2025,Greene County.pdf,Greene County,Bryan Stratton,NONCOMPLIANT,1,"701.20, 701.130, 701.140",,1,,,,,,,,,,,1,1,,,,,,,,,,,,,,,
2025,Grundy County.pdf,Grundy County,Sara Johnson,COMPLIANT,0,None,,,,,,,,,,,,,,,,,,,,,,,,,,,,,
2025,Hancock County.pdf,Hancock County,Bryan Stratton,NONCOMPLIANT,1,"701.20, 701.120, 701.130, 701.140",,1,,,,,,,,,,1,1,1,,,,,,,,,,,,,,,
2025,Hardin County.pdf,Hardin County,Kathy Melvin,NONCOMPLIANT,1,"701.130, 701.140, 701.20",,1,,,,,,,,,,,1,1,,,,,,,,,,,,,,,
2025,Henderson County.pdf,Henderson County,Sara Johnson,COMPLIANT,0,None,,,,,,,,,,,,,,,,,,,,,,,,,,,,,
2025,Henry County.pdf,Henry County,Sara Johnson,COMPLIANT,0,None,,,,,,,,,,,,,,,,,,,,,,,,,,,,,
2025,Iroquois County.pdf,Iroquois County,Bryan Stratton,COMPLIANT,0,None,,,,,,,,,,,,,,,,,,,,,,,,,,,,,
2025,Jackson County.pdf,Jackson County,Kathy Melvin,COMPLIANT,0,None,,,,,,,,,,,,,,,,,,,,,,,,,,,,,
2025,Jasper County.pdf,Jasper County,Kathy Melvin,NONCOMPLIANT,1,"701.130, 701.140, 701.20",,1,,,,,,,,,,,1,1,,,,,,,,,,,,,,,
2025,Jefferson County.pdf,Jefferson County,Kathy Melvin,COMPLIANT,0,None,,,,,,,,,,,,,,,,,,,,,,,,,,,,,
2025,Jersey County.pdf,Jersey County,Bryan Stratton,COMPLIANT,0,None,,,,,,,,,,,,,,,,,,,,,,,,,,,,,
2025,Jo Daviess County.pdf,Jo Daviess County,Sara Johnson,NONCOMPLIANT,1,"701.20, 701.130, 701.140",,1,,,,,,,,,,,1,1,,,,,,,,,,,,,,,
2025,Kane County.pdf,Kane County,Sara Johnson,COMPLIANT,0,None,,,,,,,,,,,,,,,,,,,,,,,,,,,,,
2025,Kankakee County.pdf,Kankakee County,P. Morris,NONCOMPLIANT,1,"701.120, 701.130, 701.250, 701.270",,,,,,,,,,,,1,1,,,,,,,,,,,,1,,1,,
2025,Kendall County.pdf,Kendall County,Sara Johnson,COMPLIANT,0,None,,,,,,,,,,,,,,,,,,,,,,,,,,,,,
2025,Knox County.pdf,Knox County,Sara Johnson,COMPLIANT,0,None,,,,,,,,,,,,,,,,,,,,,,,,,,,,,
2025,LaSalle County.pdf,Lasalle County,Sara Johnson,COMPLIANT,0,None,,,,,,,,,,,,,,,,,,,,,,,,,,,,,
2025,Lake County.pdf,Lake County,P. Morris,COMPLIANT,0,None,,,,,,,,,,,,,,,,,,,,,,,,,,,,,
2025,Lawrence County.pdf,Lawrence County,Kathy Melvin,NONCOMPLIANT,1,"701.10, 701.90, 701.20, 701.130, 701.140",1,1,,,,,,,1,,,,1,1,,,,,,,,,,,,,,,
2025,Lee County.pdf,Lee County,Sara Johnson,NONCOMPLIANT,1,701.250,,,,,,,,,,,,,,,,,,,,,,,,,1,,,,
2025,Livingston County.pdf,Livingston County,Sara Johnson,COMPLIANT,0,None,,,,,,,,,,,,,,,,,,,,,,,,,,,,,
2025,Logan County.pdf,Logan County,Bryan Stratton,COMPLIANT,0,None,,,,,,,,,,,,,,,,,,,,,,,,,,,,,
2025,Macon County.pdf,Macon County,Jennifer Stout,NONCOMPLIANT,1,701.70,,,,,,,1,,,,,,,,,,,,,,,,,,,,,,
2025,Macoupin County.pdf,Macoupin County,Bryan Stratton,NONCOMPLIANT,1,701.250,,,,,,,,,,,,,,,,,,,,,,,,,1,,,,
2025,Madison County.pdf,Madison County,Kathy Melvin,NONCOMPLIANT,1,"701.40, 701.80, 701.130",,,,1,,,,1,,,,,1,,,,,,,,,,,,,,,,
2025,Marion County.pdf,Marion County,Kathy Melvin,NONCOMPLIANT,1,"701.130, 701.250",,,,,,,,,,,,,1,,,,,,,,,,,,1,,,,
2025,Marshall County.pdf,Marshall County,Sara Johnson,NONCOMPLIANT,1,"701.20, 701.130, 701.140",,1,,,,,,,,,,,1,1,,,,,,,,,,,,,,,
2025,Mason County.pdf,Mason County,Bryan Stratton,NONCOMPLIANT,1,"701.70, 701.20, 701.130, 701.140",,1,,,,,1,,,,,,1,1,,,,,,,,,,,,,,,
2025,Massac County.pdf,Massac County,Kathy Melvin,NONCOMPLIANT,1,"701.20, 701.130, 701.140",,1,,,,,,,,,,,1,1,,,,,,,,,,,,,,,
2025,McDonough County.pdf,Mcdonough County,Bryan Stratton,COMPLIANT,0,None,,,,,,,,,,,,,,,,,,,,,,,,,,,,,
2025,McHenry County.pdf,Mchenry County,Sara Johnson,COMPLIANT,0,None,,,,,,,,,,,,,,,,,,,,,,,,,,,,,
2025,McLean County.pdf,Mclean County,Bryan Stratton,COMPLIANT,0,None,,,,,,,,,,,,,,,,,,,,,,,,,,,,,
2025,Menard County.pdf,Menard County,Bryan Stratton,NONCOMPLIANT,1,"701.20, 701.130, 701.140, 701.250",,1,,,,,,,,,,,1,1,,,,,,,,,,,1,,,,
2025,Mercer County.pdf,Mercer County,Sara Johnson,NONCOMPLIANT,1,701.130,,,,,,,,,,,,,1,,,,,,,,,,,,,,,,
2025,Monroe County.pdf,Monroe County,Kathy Melvin,NONCOMPLIANT,1,701.130,,,,,,,,,,,,,1,,,,,,,,,,,,,,,,
2025,Montgomery County.pdf,Montgomery County,Bryan Stratton,NONCOMPLIANT,1,"701.20, 701.130, 701.140",,1,,,,,,,,,,,1,1,,,,,,,,,,,,,,,
2025,Morgan County.pdf,Morgan County,Bryan Stratton,NONCOMPLIANT,1,701.130,,,,,,,,,,,,,1,,,,,,,,,,,,,,,,
2025,Moultrie County.pdf,Moultrie County,Bryan Stratton,COMPLIANT,0,None,,,,,,,,,,,,,,,,,,,,,,,,,,,,,
2025,Ogle County.pdf,Ogle County,Sara Johnson,COMPLIANT,0,None,,,,,,,,,,,,,,,,,,,,,,,,,,,,,
2025,Peoria County.pdf,Peoria County,Sara Johnson,NONCOMPLIANT,1,701.130,,,,,,,,,,,,,1,,,,,,,,,,,,,,,,
2025,Perry County.pdf,Perry County,Kathy Melvin,NONCOMPLIANT,1,701.130,,,,,,,,,,,,,1,,,,,,,,,,,,,,,,
2025,Piatt County.pdf,Piatt County,Bryan Stratton,COMPLIANT,0,None,,,,,,,,,,,,,,,,,,,,,,,,,,,,,
2025,Pike County.pdf,Pike County,Bryan Stratton,NONCOMPLIANT,1,"701.20, 701.80, 701.130, 701.140, 701.250",,1,,,,,,1,,,,,1,1,,,,,,,,,,,1,,,,
2025,Pulaski County.pdf,Pulaski County,Kathy Melvin,NONCOMPLIANT,1,701.130,,,,,,,,,,,,,1,,,,,,,,,,,,,,,,
2025,Putnam County.pdf,Putnam County,Sara Johnson,NONCOMPLIANT,1,"701.20, 701.130, 701.140",,1,,,,,,,,,,,1,1,,,,,,,,,,,,,,,
2025,Randolph County.pdf,Randolph County,Kathy Melvin,NONCOMPLIANT,1,701.130,,,,,,,,,,,,,1,,,,,,,,,,,,,,,,
2025,Richland County.pdf,Richland County,Kathy Melvin,COMPLIANT,0,None,,,,,,,,,,,,,,,,,,,,,,,,,,,,,
2025,Rock Island County.pdf,Rock Island County,Sara Johnson,COMPLIANT,0,None,,,,,,,,,,,,,,,,,,,,,,,,,,,,,
2025,Saline County.pdf,Saline County,Kathy Melvin,NONCOMPLIANT,1,701.130,,,,,,,,,,,,,1,,,,,,,,,,,,,,,,
2025,Sangamon County.pdf,Sangamon County,Bryan Stratton,NONCOMPLIANT,1,701.130,,,,,,,,,,,,,1,,,,,,,,,,,,,,,,
2025,Schuyler County.pdf,Schuyler County,Bryan Stratton,COMPLIANT,0,None,,,,,,,,,,,,,,,,,,,,,,,,,,,,,
2025,Shelby County.pdf,Shelby County,Bryan Stratton,NONCOMPLIANT,1,701.250,,,,,,,,,,,,,,,,,,,,,,,,,1,,,,
2025,St. Clair County.pdf,St. Clair County,Kathy Melvin,NONCOMPLIANT,1,"701.40, 701.80, 701.130",,,,1,,,,1,,,,,1,,,,,,,,,,,,,,,,
2025,Stephenson County.pdf,Stephenson County,Sara Johnson,COMPLIANT,0,None,,,,,,,,,,,,,,,,,,,,,,,,,,,,,
2025,Tazewell County.pdf,Tazewell County,Bryan Stratton,COMPLIANT,0,None,,,,,,,,,,,,,,,,,,,,,,,,,,,,,
2025,Vermilion County.pdf,Vermilion County,Bryan Stratton,NONCOMPLIANT,1,701.130,,,,,,,,,,,,,1,,,,,,,,,,,,,,,,
2025,Wabash County.pdf,Wabash County,Kathy Melvin,NONCOMPLIANT,1,"701.20, 701.130, 701.140",,1,,,,,,,,,,,1,1,,,,,,,,,,,,,,,
2025,Warren County.pdf,Warren County,Sara Johnson,NONCOMPLIANT,1,"701.20, 701.120, 701.130, 701.140, 701.250",,1,,,,,,,,,,1,1,1,,,,,,,,,,,1,,,,
2025,Washington County.pdf,Washington County,Kathy Melvin,COMPLIANT,0,None,,,,,,,,,,,,,,,,,,,,,,,,,,,,,
2025,Wayne County.pdf,Wayne County,Kathy Melvin,COMPLIANT,0,None,,,,,,,,,,,,,,,,,,,,,,,,,,,,,
2025,White County.pdf,White County,Kathy Melvin,NONCOMPLIANT,1,701.130,,,,,,,,,,,,,1,,,,,,,,,,,,,,,,
2025,Whiteside County.pdf,Whiteside County,Sara Johnson,COMPLIANT,0,None,,,,,,,,,,,,,,,,,,,,,,,,,,,,,
2025,Will County.pdf,Will County,P. Morris,NONCOMPLIANT,1,701.130,,,,,,,,,,,,,1,,,,,,,,,,,,,,,,
2025,Williamson County.pdf,Williamson County,Kathy Melvin,NONCOMPLIANT,1,701.130,,,,,,,,,,,,,1,,,,,,,,,,,,,,,,
2025,Winnebago County.pdf,Winnebago County,Sara Johnson,COMPLIANT,0,None,,,,,,,,,,,,,,,,,,,,,,,,,,,,,
2025,Woodford County.pdf,Woodford County,Sara Johnson,COMPLIANT,0,None,,,,,,,,,,,,,,,,,,,,,,,,,,,,,
